,"Q34_Are you doing other things at home to learn, aside from radio lessons?",Q35_What are you doing?
0,Yes,"Harvesting, looking after goats/ sheep and reading"
1,Yes,Family work and reading
2,Yes,House work and reading
3,Yes,House work and reading
4,Yes,Reading
5,Yes,"Cultivation, harvesting and reading "
6,Yes,"Cultivation, harvesting and reading"
7,Yes,Family work and reading
8,,
9,,
10,,
11,,
12,Yes,Reading
13,No,
14,Yes,House work and reading
15,No,
16,No,
17,Yes,"Cooking, harvesting and reading"
18,Yes,"Cooking, cleaning home compound everyday, harvesting and reading"
19,,
20,,
21,,
22,,
23,,
24,,
25,Yes,Family work and reading
26,,
27,,
28,,
29,Yes,Revising notes
30,,
31,,
32,,
33,,
34,,
35,,
36,,
37,No,
38,Yes,My brother teaching me at home
39,Yes,Study books
40,,
41,No,
42,,
43,Yes,Study books
44,,
45,,
46,Yes,Revising my notes. 
47,No,
48,,
49,No,
50,,
51,Yes,Use my books
52,Yes,We are given holiday packages twice  my elder sister in S1 is also coaching me
53,No,
54,,
55,No,
56,,
57,Yes,Answering packages
58,Yes,Studying 
59,,
60,,
61,,
62,,
63,,
64,,
65,,
66,,
67,,
68,,
69,Yes,I do revision at home but not daily
70,,
71,Yes,Reading.
72,,
73,No,
74,Yes,I read English.
75,,
76,No,
77,Yes,Revising English's
78,Yes,Personal revision 
79,No,
80,Yes,Study books
81,,
82,No,
83,No,
84,,
85,,
86,Yes,Reading some time
87,No,
88,No,
89,,
90,No,
91,,
92,,
93,No,
94,No,
95,No,
96,No,
97,,
98,,
99,,
100,,
101,,
102,,
103,,
104,No,
105,,
106,No,
107,Yes,I read some books especially CRE
108,,
109,,
110,No,
111,Yes,Reading some notes
112,,
113,,
114,No,
115,,
116,,
117,No,
118,,
119,,
120,,
121,,
122,No,
123,No,
124,Yes,Studying books
125,,
126,No,
127,Yes,Am doing revisions of my old notes.
128,No,
129,,
130,,
131,Yes,We are reading our books. 
132,Yes,Looking after goats and harvesting groundnuts
133,,
134,No,
135,,
136,No,
137,Yes,Self studies.
138,Yes,I revise my previous work every week
139,No,
140,,
141,,
142,No,
143,Yes,Textbooks
144,,
145,No,
146,Yes,Study books
147,Yes,Revision at home.
148,,
149,No,
150,,
151,Yes,Reading books like science and  other subjects
152,Yes,Revise my books
153,No,
154,Yes,Reading
155,,
156,No,
157,,
158,,
159,,
160,,
161,,
162,No,
163,Yes,To recall my passed lessons 
164,,
165,No,
166,,
167,Yes,Digging
168,,
169,,
170,,
171,,
172,,
173,,
174,,
175,No,
176,Yes,Reading at home
177,No,
178,Yes,Holiday packech
179,No,
180,No,
181,,
182,Yes,Self assessment with holiday packages
183,No,
184,,
185,No,
186,,
187,,
188,No,
189,Yes,Study books
190,,
191,,
192,Yes,Cooking
193,Yes,Reading and doing exercises
194,,
195,Yes,Reading
196,Yes,Studying books
197,Yes,Reading my notes and books
198,No,
199,,
200,,
201,,
202,,
203,No,
204,Yes,Playing game and reading text box
205,,
206,No,
207,,
208,Yes,I do revised my previous lessons
209,,
210,,
211,No,
212,No,
213,Yes,Reading holy days package
214,,
215,No,
216,No,
217,No,
218,No,
219,No,
220,,
221,No,
222,No,
223,No,
224,No,
225,,
226,,
227,No,
228,No,
229,,
230,No,
231,,
232,,
233,,
234,No,
235,,
236,,
237,,
238,,
239,Yes,Group discussion
240,Yes,Revising books 
241,No,
242,,
243,Yes,Only personal studies during my private time. 
244,Yes,Reading my books
245,No,
246,,
247,,
248,,
249,Yes,help my family
250,,
251,Yes,doing the Work at home
252,Yes,help my mother.
253,,
254,Yes,Revising my notes
255,,
256,No,
257,,
258,,
259,,
260,Yes,Some times studying my books
261,,
262,Yes,Group discussion
263,Yes,Group discussion
264,,
265,,
266,No,
267,No,
268,,
269,Yes,Cooking food
270,,
271,No,
272,,
273,No,
274,,
275,Yes,Reading some notes
276,,
277,Yes,"Cooking, fetching of water and getting firewood."
278,No,
279,,
280,,
281,,
282,Yes,Some times studying books
283,No,
284,,
285,,
286,,
287,,
288,,
289,No,
290,Yes,Look after cattle and read my books
291,Yes,"Look after cattle,play football and read my books"
292,,
293,,
294,,
295,,
296,,
297,,
298,,
299,,
300,,
301,No,
302,,
303,,
304,,
305,,
306,Yes,Revision
307,,
308,,
309,,
310,No,
311,,
312,No,
313,,
314,,
315,No,
316,,
317,No,
318,,
319,,
320,No,
321,Yes,To name him fresh in mind and not to for get knowledge taught by the teacher.
322,,
323,Yes,To let him contain what has been taught by his teachers
324,,
325,No,
326,,
327,,
328,,
329,,
330,,
331,,
332,,
333,,
334,,
335,,
336,Yes,So that she doesn't for get what the teachers have already given them from school.
337,,
338,Yes,So that he doesn't for get his passed knowledge given by his teachers.
339,,
340,Yes,So that he will not for get what has been taught by his teacher from school before coronas.
341,No,
342,,
343,No,
344,,
345,,
346,,
347,Yes,Reading
348,Yes,Reading my books
349,Yes,Reading books
350,,
351,Yes,Reading
352,Yes,Reading and calculating math
353,No,
354,No,
355,No,
356,,
357,,
358,,
359,,
360,,
361,,
362,No,
363,,
364,No,
365,,
366,,
367,,
368,,
369,,
370,,
371,,
372,Yes,Reading the books
373,No,
374,,
375,No,
376,,
377,No,
378,,
379,Yes,Reading
380,Yes,Reading
381,,
382,,
383,,
384,No,
385,,
386,,
387,,
388,,
389,Yes,Holiday package 
390,No,
391,,
392,No,
393,,
394,,
395,Yes,Holiday package
396,No,
397,,
398,,
399,,
400,,
401,,
402,,
403,Yes,Iam Read the books
404,No,
405,,
406,Yes,Reading my book's
407,Yes,Reading
408,No,
409,,
410,No,
411,,
412,No,
413,Yes,Study books
414,No,
415,,
416,,
417,Yes,Homework exercise and discussion with my friends
418,No,
419,Yes,Group discussion
420,Yes,Reading and doing assignment
421,No,
422,No,
423,Yes,We discuss in group and do practice exercises
424,Yes,Reading and practice exercise
425,No,
426,,
427,No,
428,No,
429,No,
430,,
431,,
432,,
433,No,
434,,
435,No,
436,,
437,No,
438,No,
439,No,
440,No,
441,,
442,,
443,,
444,No,
445,No,
446,,
447,,
448,Yes,Answering the packages
449,Yes,Answering packages
450,,
451,,
452,,
453,No,
454,Yes,We are discussing with friends and my parents do help me
455,No,
456,,
457,,
458,,
459,Yes,Reading textbooks
460,Yes,Reading textbooks
461,No,
462,No,
463,No,
464,,
465,Yes,Reading textbooks
466,,
467,,
468,,
469,No,
470,No,
471,No,
472,No,
473,No,
474,,
475,Yes,Cooking and cleaning.
476,,
477,,
478,,
479,,
480,,
481,,
482,,
483,,
484,No,
485,,
486,,
487,,
488,,
489,Yes,Reading 
490,,
491,,
492,,
493,Yes,Reading text books
494,Yes,Help in home chores and also take care of our goats.
495,Yes,Reading the text books school at home.
496,Yes,I read at home alone.
497,No,
498,,
499,,
500,,
501,,
502,,
503,,
504,,
505,Yes,Reading
506,Yes,"Digging ,cook and fetching water."
507,,
508,,
509,,
510,,
511,,
512,,
513,,
514,,
515,,
516,,
517,,
518,,
519,,
520,,
521,,
522,,
523,,
524,,
525,,
526,,
527,,
528,,
529,,
530,,
531,,
532,Yes,Self study
533,No,
534,,
535,,
536,No,
537,Yes,Reading
538,No,
539,,
540,,
541,,
542,No,
543,No,
544,,
545,No,
546,Yes,Studying my texts book
547,,
548,,
549,Yes,Using my textbooks
550,,
551,Yes,Studying my exercise books
552,Yes,I'm learning anything
553,No,
554,Yes,Revising my textbooks
555,,
556,,
557,Yes,Reading notes 
558,No,
559,,
560,,
561,Yes,"Cooking , harvesting, collecting fire woods and reading text books"
562,Yes,Reading
563,Yes,Reading
564,Yes,Studies
565,No,
566,,
567,,
568,No,
569,No,
570,No,
571,,
572,No,
573,No,
574,,
575,Yes,Studies
576,,
577,Yes,Reading.
578,Yes,Group studies with colleagues
579,Yes,Reading
580,Yes,Reading the text books.
581,Yes,Reading.
582,Yes,Reading.
583,Yes,Reading.
584,,
585,,
586,,
587,Yes,I study lessons and do farming.
588,No,
589,,
590,,
591,,
592,,
593,,
594,Yes,Several works for example cooking and cleaning the utensils.
595,Yes,I do go on farming.
596,,
597,,
598,Yes,Group work
599,Yes,Studies
600,No,
601,,
602,Yes,Studies
603,Yes,Studies
604,,
605,Yes,Studies
606,,
607,,
608,No,
609,Yes,Studies
610,No,
611,,
612,Yes,reading  the text books
613,Yes,Reading my books
614,Yes,"Cultivation, fetching water and fire wood"
615,No,
616,Yes,Practing my old books
617,No,
618,Yes,Reading my books
619,No,
620,No,
621,No,
622,,
623,,
624,,
625,Yes,Am doing studies
626,,
627,,
628,Yes,Group studies
629,,
630,,
631,,
632,,
633,,
634,Yes,We revised the previous lessons at home
635,,
636,,
637,Yes,Reading
638,,
639,,
640,,
641,No,
642,,
643,,
644,No,
645,,
646,Yes,Personal studies
647,Yes,Self study 
648,,
649,Yes,My mum is teaching us at home here.
650,,
651,Yes,Self study 
652,Yes,Self study. 
653,,
654,No,
655,,
656,No,
657,Yes,Doing my own study using my exercise books 
658,Yes,Revising my books myself 
659,Yes,I practice writing A B C D.
660,,
661,Yes,So that he don't not forget what his teacher taught them
662,,
663,,
664,No,
665,,
666,No,
667,No,
668,,
669,Yes,Reading Tex books
670,,
671,Yes,Reading
672,,
673,,
674,No,
675,No,
676,No,
677,,
678,,
679,,
680,,
681,,
682,,
683,,
684,,
685,,
686,,
687,,
688,,
689,,
690,No,
691,,
692,,
693,,
694,,
695,,
696,,
697,,
698,,
699,,
700,No,
701,,
702,,
703,,
704,Yes,"Practing what I  Iearned before covid19 and read news papers
"
705,,
706,Yes,Household work and garden work
707,Yes,Study the topics of my interest
708,,
709,,
710,Yes,"Reading and writing,revising my previous work in school"
711,,
712,Yes,Reading news papers and revising my books
713,Yes,Practing my previous work and cooking
714,,
715,Yes,Revising and reading and writing
716,Yes,Practing my books and reading news papers
717,,
718,Yes,Practice and revising my books
719,,
720,Yes,Practice and revise my previous work
721,,
722,Yes,Practice and revise my previous work
723,Yes,Practice and revise my previous work
724,Yes,Reading and reading the my previous work
725,Yes,Reading my previous work
726,Yes,Doing revision in my previous work
727,Yes,Revision
728,Yes,Revision of the things I Iearned in school
729,Yes,Reading and writing
730,,
731,Yes,Revising and practicing
732,,
733,Yes,Revising my previous lesson
734,,
735,Yes,Reading books
736,,
737,Yes,Reading and writing revision
738,,
739,Yes,I am practicing my previous work
740,,
741,Yes,Practing my previous work from the school
742,,
743,Yes,Practing and revising
744,Yes,Reading and precise
745,Yes,Reading and writing
746,Yes,Mostly revising my previous work
747,Yes,Revision on the previous work
748,Yes,Revision
749,Yes,I do revision
750,Yes,Doing my revision
751,Yes,Doing my revision
752,Yes,Revision and practice the previous work
753,Yes,Revision
754,,
755,,
756,,
757,,
758,No,
759,,
760,,
761,,
762,,
763,,
764,,
765,,
766,,
767,,
768,,
769,,
770,No,
771,Yes,I revised theast lessons
772,Yes,Read my text books.
773,,
774,Yes,I have the text books.
775,,
776,,
777,,
778,,
779,,
780,,
781,Yes,"I cook ,Fetch water and even some I use to go the farm some time."
782,Yes,"Cooking ,digging at home."
783,Yes,Cooking and fetching water.
784,Yes,Cooking and fetching water.
785,,
786,Yes,Cooking andfetching water.
787,Yes,Digging in the farm
788,Yes,"Washing clothes, cooking fetching water."
789,Yes,Am supporting my parents.
790,Yes,Looking after cattle.
791,,
792,,
793,,
794,,
795,Yes,Reading texbooks and my note books at home
796,Yes,Reading texbooks
797,,
798,,
799,,
800,Yes,Reading text books
801,Yes,Reading text books
802,Yes,Reading text books
803,No,
804,Yes,"Harvesting, cooking and reading"
805,No,
806,No,
807,,
808,Yes,"Cooking, fetching water and fire wood."
809,,
810,Yes,Self studies
811,Yes,Studies
812,Yes,Group studies
813,Yes,Study
814,Yes,Studies
815,Yes,Studies
816,Yes,Studies
817,,
818,Yes,Studies
819,Yes,I engage myself in practicing the lessons I had in school.
820,,
821,,
822,,
823,Yes,I only revise my books at night 
824,Yes,I am only doing self study 
825,Yes,I only revise my books
826,No,
827,,
828,Yes,study  my old books  and other home work
829,Yes,concentrate on my old notices
830,Yes,Some times I  do  some numbers and read  stories book
831,No,
832,No,
833,,
834,,
835,,
836,,
837,,
838,Yes,Self studies.
839,,
840,,
841,,
842,,
843,Yes,He wants to keep the knowledge active because he feel that school will reopen .
844,,
845,Yes,I clean the compound and I work in the farm.
846,Yes,"Fetching water ,cooking and always clean the house."
847,Yes,"Fetch water ,washing clothes and cook."
848,Yes,Cooking and fetching water.
849,Yes,I dig in the farm .
850,Yes,Digging the compound.
851,,
852,Yes,Cooking and fetching water.
853,,
854,Yes,Domestic work
855,Yes,Cooking and washing clothes.
856,,
857,,
858,,
859,,
860,,
861,Yes,Digging the compound and keeping my goats.
862,No,
863,Yes,Reading some text books
864,Yes,Digging and look after goat.
865,No,
866,No,
867,,
868,,
869,Yes,Digging the compound and looking after our goats.
870,Yes,Study
871,Yes,Reading
872,Yes,Studies
873,Yes,Study books and do other research
874,No,
875,Yes,Group studies
876,Yes,Studies
877,Yes,Reading
878,,
879,,
880,,
881,Yes,I revise my notice
882,Yes,I revise my previous notice books
883,Yes,We sit in a group and discuss on the topic in a particular Subjects
884,No,
885,No,
886,,
887,,
888,,
889,,
890,,
891,,
892,,
893,No,
894,Yes,Reading books after coming back from the garden
895,Yes,Reading books
896,Yes,Reading notes
897,,
898,,
899,No,
900,No,
901,,
902,,
903,,
904,,
905,Yes,Cleaning the compound some time.
906,,
907,,
908,,
909,,
910,,
911,,
912,,
913,,
914,,
915,,
916,,
917,,
918,,
919,,
920,,
921,,
922,,
923,,
924,,
925,,
926,,
927,,
928,,
929,,
930,,
931,,
932,,
933,,
934,,
935,,
936,,
937,,
938,,
939,,
940,Yes,After being free I went and open the book study inside the house
941,,
942,Yes,Calculation of mathematics
943,Yes,Self studies.
944,Yes,Revision.
945,Yes,Self studies.
946,No,
947,Yes,Self studies.
948,,
949,,
950,Yes,She is doing some homework
951,Yes,Home work
952,,
953,Yes,Used of text book and exercise given during school time
954,Yes,Am doing some homework for example revision of my own book
955,,
956,Yes,Home work
957,,
958,No,
959,Yes,Wash utensils and cooking
960,No,
961,Yes,Harvest graunuts
962,,
963,Yes,Harvesting granuts
964,,
965,No,
966,,
967,,
968,,
969,,
970,,
971,,
972,,
973,,
974,,
975,,
976,,
977,,
978,,
979,,
980,,
981,,
982,,
983,,
984,,
985,,
986,,
987,,
988,,
989,,
990,,
991,,
992,,
993,,
994,,
995,Yes,Reading the book
996,,
997,No,
998,No,
999,,
1000,Yes,To maintain the passed lessons taught by their teachers
1001,,
1002,,
1003,,
1004,,
1005,,
1006,,
1007,,
1008,,
1009,,
1010,,
1011,,
1012,,
1013,,
1014,,
1015,,
1016,,
1017,,
1018,,
1019,,
1020,,
1021,,
1022,,
1023,,
1024,,
1025,Yes,Reading biology
1026,No,
1027,No,
1028,Yes,Some times I use to revise my subjects
1029,,
1030,,
1031,Yes,Cooking at home
1032,Yes,Cooking
1033,Yes,Washing and cooking
1034,Yes,Cooking
1035,Yes,Cooking
1036,Yes,Cooking
1037,Yes,Cooking
1038,Yes,Washing
1039,Yes,House activities 
1040,Yes,House activities 
1041,Yes,Cooking 
1042,No,
1043,No,
1044,,
1045,,
1046,,
1047,,
1048,Yes,I and my brother do revise our books and help each other.
1049,No,
1050,Yes,Group studies at home 
1051,Yes,I always revise my books 
1052,Yes,I am studying on my own 
1053,,
1054,,
1055,,
1056,,
1057,,
1058,,
1059,Yes,"Read, exercise, collect firewood etc"
1060,,
1061,,
1062,Yes,"Read,play with my colleagues"
1063,Yes,Look after cattle and read my books
1064,Yes,"Read,help my parents with housework"
1065,No,
1066,Yes,I only revise my books 
1067,No,
1068,Yes,"Cooking, washing utencil"
1069,No,
1070,No,
1071,No,
1072,No,
1073,No,
1074,Yes,Washing clothes and cleaning compound.
1075,,
1076,,
1077,,
1078,,
1079,,
1080,,
1081,No,
1082,,
1083,,
1084,Yes,Revision of notes
1085,Yes,Do read my books
1086,Yes,Read textbooks and revise my notes
1087,,
1088,,
1089,Yes,Revise notes
1090,Yes,Revision
1091,Yes,Read if there is time
1092,Yes,Revision
1093,Yes,Revision
1094,Yes,Read my books
1095,Yes,"Read, and do house work"
1096,Yes,Collect the firewood and read my books
1097,,
1098,,
1099,,
1100,No,
1101,,
1102,,
1103,No,
1104,,
1105,,
1106,,
1107,,
1108,,
1109,,
1110,,
1111,,
1112,,
1113,,
1114,,
1115,,
1116,,
1117,,
1118,,
1119,,
1120,,
1121,,
1122,No,
1123,,
1124,Yes,Practising words problems
1125,,
1126,No,
1127,No,
1128,,
1129,Yes,"Pounding
Fetching water
Cultivation
Cutting grass and thatching House"
1130,No,
1131,No,
1132,No,
1133,,
1134,,
1135,No,
1136,No,
1137,No,
1138,No,
1139,Yes,"Taking care of children
Herding cows
Grazing goat when free time is available."
1140,Yes,Running small scale business in the market of Malek Alel
1141,Yes,Cultivation
1142,Yes,"Washing and cooking
Taking care of siblings"
1143,Yes,Running a small business in the market of Malek Alel
1144,,
1145,,
1146,,
1147,No,
1148,,
1149,,
1150,,
1151,,
1152,,
1153,,
1154,,
1155,,
1156,No,
1157,Yes,Demostic work
1158,,
1159,,
1160,,
1161,,
1162,,
1163,,
1164,,
1165,,
1166,,
1167,,
1168,,
1169,,
1170,,
1171,,
1172,,
1173,,
1174,,
1175,,
1176,,
1177,,
1178,,
1179,,
1180,,
1181,,
1182,,
1183,,
1184,,
1185,,
1186,,
1187,,
1188,,
1189,,
1190,,
1191,,
1192,,
1193,,
1194,,
1195,,
1196,,
1197,,
1198,,
1199,,
1200,,
1201,,
1202,,
1203,,
1204,,
1205,,
1206,,
1207,No,
1208,,
1209,Yes,Reading some books
1210,,
1211,Yes,I do some revisions
1212,Yes,Revise my lessons
1213,,
1214,,
1215,,
1216,Yes,Reading
1217,Yes,White for
1218,No,
1219,No,
1220,,
1221,,
1222,,
1223,,
1224,,
1225,,
1226,,
1227,No,
1228,No,
1229,,
1230,,
1231,No,
1232,No,
1233,,
1234,,
1235,,
1236,,
1237,Yes,Pleating and cooking
1238,No,
1239,,
1240,Yes,Cleaning and other women's activities 
1241,No,
1242,Yes,Self reading
1243,Yes,When are you going to bring feedback on the questions
1244,No,
1245,Yes,I do read lonely
1246,,
1247,No,
1248,,
1249,Yes,Reading alone
1250,No,
1251,No,
1252,No,
1253,No,
1254,,
1255,,
1256,,
1257,,
1258,Yes,Reading personally at home
1259,,
1260,,
1261,Yes,Revision of the previous lessons
1262,,
1263,,
1264,,
1265,Yes,Reading the books
1266,,
1267,Yes,Revision
1268,Yes,Revising previous lessions
1269,,
1270,,
1271,Yes,"Revision, research and doing homework"
1272,Yes,Discuss in group and learning home work
1273,Yes,"Read,fetch water,and cook at home"
1274,Yes,Look after cattle and sometimes read my books
1275,Yes,"Read,wash my clothes and look after cattle"
1276,Yes,Read and wash my clothes
1277,Yes,"Read,fetch water and collect firewood"
1278,Yes,"Fetch water, collect firewood,help my parents with housework and read my books"
1279,Yes,Fetch water and read my books
1280,Yes,Read my books and help my parents with housework
1281,Yes,Read my books and cook
1282,Yes,Read my books
1283,,
1284,Yes,Cooking 
1285,,
1286,Yes,Doing house activities 
1287,No,
1288,No,
1289,No,
1290,No,
1291,No,
1292,No,
1293,No,
1294,No,
1295,No,
1296,Yes,homework 
1297,No,
1298,No,
1299,Yes,"I  some time ,  revised my  old     notes  exercises.  at  home. but  I never, listening, to radio lessons one day."
1300,No,
1301,No,
1302,No,
1303,,
1304,Yes,Reading 
1305,Yes,House work
1306,Yes,Cooking
1307,No,
1308,No,
1309,No,
1310,No,
1311,Yes,Reading writing book
1312,No,
1313,No,
1314,No,
1315,Yes,Cultivation
1316,Yes,Domestic work
1317,Yes,Weeding
1318,No,
1319,Yes,Domestic work
1320,,
1321,,
1322,,
1323,,
1324,,
1325,,
1326,,
1327,,
1328,,
1329,,
1330,No,
1331,,
1332,,
1333,,
1334,No,
1335,No,
1336,No,
1337,,
1338,No,
1339,No,
1340,No,
1341,,
1342,No,
1343,,
1344,No,
1345,,
1346,No,
1347,,
1348,,
1349,Yes,Reading books
1350,No,
1351,,
1352,,
1353,Yes,Looking after goats
1354,Yes,Cooking for the family and harvesting garoundnut
1355,,
1356,,
1357,No,
1358,,
1359,Yes,Caltivation and looking after cattles plus goats
1360,Yes,"Caltivation ,harvesting and groundnut"
1361,Yes,"Harvesting, cooking,collect water and washing clothes for the family"
1362,Yes,"Caltivation, harvesting and looking after cattles"
1363,,
1364,Yes,"Harvesting, looking after goats and collect water from the well"
1365,Yes,Looking after goats and harvesting groundnut
1366,Yes,Harvesting groundnuts and looking after gaots
1367,Yes,"Harvesting,cooking and general cleaness of the compound"
1368,,
1369,,
1370,Yes,Looking after goats and harvesting groundnuts
1371,,
1372,Yes,"Caltivation, harvesting and my studies"
1373,,
1374,,
1375,No,
1376,No,
1377,,
1378,Yes,Read
1379,,
1380,,
1381,,
1382,Yes,Reading books
1383,,
1384,,
1385,,
1386,,
1387,,
1388,,
1389,,
1390,,
1391,,
1392,,
1393,,
1394,,
1395,Yes,Reading at home
1396,Yes,Cooking
1397,No,
1398,Yes,Studies
1399,Yes,Studies
1400,Yes,Studies
1401,Yes,Study
1402,Yes,Studies
1403,Yes,Studies
1404,Yes,Studies
1405,Yes,Studies
1406,Yes,Studies
1407,No,
1408,,
1409,,
1410,,
1411,No,
1412,,
1413,No,
1414,No,
1415,No,
1416,No,
1417,,
1418,,
1419,Yes,Reading
1420,No,
1421,Yes,Looking after cattle and goats.
1422,Yes,House works
1423,,
1424,,
1425,,
1426,,
1427,,
1428,Yes,Looking after cattle and cultivation.
1429,,
1430,,
1431,,
1432,Yes,Reading
1433,,
1434,No,
1435,Yes,Revision
1436,,
1437,Yes,Making cakes for selling 
1438,Yes,Making cakes
1439,Yes,Sometime I do other house activities 
1440,No,
1441,Yes,Making food 
1442,Yes,Studies 
1443,No,
1444,No,
1445,,
1446,No,
1447,No,
1448,No,
1449,No,
1450,No,
1451,No,
1452,,
1453,,
1454,,
1455,Yes,Reading books.
1456,No,
1457,Yes,Study books 
1458,Yes,Study  my books
1459,Yes,Study my books
1460,Yes,Study my books at home
1461,Yes,Study my books at home
1462,Yes,Study my books
1463,Yes,Studying my books
1464,Yes,Study my books 
1465,Yes,Study my books at home
1466,Yes,Study my books
1467,Yes,Studying my books
1468,Yes,Studying my books
1469,,
1470,Yes,Studying my books
1471,Yes,Singing and practicing alphabetical letters 
1472,,
1473,,
1474,,
1475,,
1476,,
1477,,
1478,,
1479,,
1480,,
1481,Yes,Studying books
1482,Yes,Study  my books 
1483,No,
1484,,
1485,Yes,Studying my books
1486,Yes,Studying  my books
1487,Yes,Studying my books
1488,No,
1489,,
1490,Yes,Counting numbers
1491,Yes,Counting numbers
1492,,
1493,Yes,Study books
1494,,
1495,,
1496,Yes,Studies 
1497,,
1498,Yes,Studies 
1499,No,
1500,,
1501,,
1502,Yes,Studies 
1503,,
1504,Yes,Studies 
1505,Yes,Studying my books
1506,No,
1507,Yes,Study books 
1508,,
1509,,
1510,No,
1511,,
1512,,
1513,,
1514,,
1515,,
1516,No,
1517,,
1518,,
1519,,
1520,,
1521,,
1522,Yes,Studies 
1523,Yes,Studies 
1524,,
1525,Yes,"Read,woke in the market and sometimes play football"
1526,Yes,Read my books
1527,Yes,Read and play soccer 
1528,Yes,Reading  from my text books
1529,Yes,"Read, play volleyball and collect firewood"
1530,Yes,Read and play soccer
1531,Yes,Reading
1532,Yes,Revise my subjects
1533,,
1534,Yes,Readings if no radio lesson
1535,Yes,Play valley ball sewing
1536,Yes,"Reading,playing valley ball"
1537,Yes,"Playing foot ball,reading"
1538,Yes,"Reading with friends,playing foot ball"
1539,Yes,"Reading with friends,playing foot ball"
1540,Yes,Reading at home
1541,Yes,Reading
1542,,
1543,,
1544,,
1545,,
1546,,
1547,,
1548,,
1549,,
1550,,
1551,,
1552,,
1553,,
1554,,
1555,Yes,Reading textbook
1556,Yes,Reading textbooks
1557,Yes,Reading textbooks
1558,,
1559,No,
1560,Yes,Studies 
1561,No,
1562,Yes,Reading our books at home 
1563,,
1564,Yes,Reading the exercise books
1565,No,
1566,,
1567,No,
1568,,
1569,No,
1570,,
1571,No,
1572,No,
1573,,
1574,,
1575,,
1576,,
1577,No,
1578,Yes,Studies 
1579,No,
1580,,
1581,Yes,Studies 
1582,Yes,Studies 
1583,Yes,Studies 
1584,,
1585,,
1586,Yes,Studies 
1587,,
1588,,
1589,,
1590,No,
1591,No,
1592,,
1593,,
1594,Yes,Studies 
1595,,
1596,Yes,Studies 
1597,,
1598,,
1599,Yes,Studies 
1600,Yes,Studies 
1601,,
1602,,
1603,Yes,Studies 
1604,,
1605,Yes,Studies 
1606,Yes,Studies 
1607,No,
1608,No,
1609,,
1610,Yes,"home work,  "
1611,Yes,home work 
1612,Yes,I used  to read .
1613,Yes,Domestic work
1614,Yes,Revised 
1615,Yes,Revised my text books 
1616,Yes,Revise them 
1617,Yes,Revised textbooks
1618,Yes,Reading books 
1619,No,
1620,Yes,"Reading ,reviving "
1621,Yes,Reading 
1622,No,
1623,Yes,Reading 
1624,Yes,"Reading ,practice "
1625,,
1626,,
1627,,
1628,,
1629,Yes,Reading books
1630,Yes,Reading school books
1631,,
1632,,
1633,,
1634,,
1635,Yes,Self reading
1636,,
1637,No,
1638,Yes,Personal studies
1639,,
1640,No,
1641,,
1642,,
1643,,
1644,,
1645,,
1646,,
1647,,
1648,,
1649,,
1650,,
1651,Yes,Domestic work
1652,No,
1653,,
1654,No,
1655,,
1656,No,
1657,No,
1658,No,
1659,,
1660,No,
1661,,
1662,No,
1663,,
1664,No,
1665,,
1666,,
1667,No,
1668,,
1669,,
1670,,
1671,No,
1672,,
1673,No,
1674,,
1675,No,
1676,,
1677,No,
1678,No,
1679,No,
1680,No,
1681,,
1682,Yes,I just revise my notes from school.
1683,No,
1684,,
1685,Yes,Studying on my own 
1686,,
1687,,
1688,,
1689,,
1690,,
1691,,
1692,Yes,Reading my books 
1693,No,
1694,,
1695,,
1696,,
1697,,
1698,Yes,Read my books
1699,Yes,"Read,talk with family and play with friends"
1700,,
1701,,
1702,,
1703,,
1704,Yes,Collect water from borehole and sometimes read my books
1705,Yes,"Read,cook and fetch water"
1706,Yes,"Read, cook,make tea and do house work"
1707,,
1708,Yes,Play with friends and read sometimes
1709,,
1710,Yes,Play football and sometimes read my books
1711,Yes,Read and fetch water
1712,Yes,Spent time with my friends
1713,Yes,I read my books
1714,Yes,Play football and read my books
1715,,
1716,,
1717,,
1718,,
1719,,
1720,,
1721,No,
1722,,
1723,Yes,Revising the previous things learned in the school
1724,No,
1725,Yes,Reading
1726,,
1727,,
1728,,
1729,,
1730,,
1731,,
1732,,
1733,,
1734,,
1735,,
1736,,
1737,,
1738,,
1739,,
1740,,
1741,,
1742,,
1743,,
1744,,
1745,,
1746,,
1747,,
1748,,
1749,,
1750,,
1751,,
1752,,
1753,,
1754,,
1755,,
1756,,
1757,,
1758,,
1759,,
1760,,
1761,,
1762,,
1763,,
1764,,
1765,,
1766,,
1767,,
1768,,
1769,,
1770,,
1771,,
1772,,
1773,,
1774,,
1775,,
1776,,
1777,,
1778,,
1779,,
1780,Yes,Studying
1781,,
1782,Yes,Studying
1783,,
1784,Yes,Studying
1785,No,
1786,,
1787,Yes,Studying
1788,,
1789,No,
1790,No,
1791,,
1792,,
1793,No,
1794,Yes,Studying
1795,,
1796,,
1797,Yes,House activities
1798,,
1799,Yes,Studying
1800,Yes,Mending
1801,,
1802,,
1803,,
1804,,
1805,,
1806,,
1807,,
1808,,
1809,,
1810,,
1811,,
1812,,
1813,,
1814,,
1815,,
1816,Yes,Revising my previous work
1817,Yes,Revising my previous work
1818,,
1819,,
1820,,
1821,No,
1822,Yes,Practing my previous work at school
1823,,
1824,,
1825,Yes,Practing and revising my previous work at school
1826,Yes,Practing and revising my previous work
1827,,
1828,,
1829,,
1830,,
1831,,
1832,Yes,Revising and practicing with my friend
1833,Yes,Practicing my previous work
1834,Yes,Revising and practicing
1835,Yes,Revision and practice
1836,Yes,"Homework, group discussion"
1837,,
1838,Yes,Discussion
1839,Yes,Gruop discussion
1840,No,
1841,Yes,Home work and reading
1842,Yes,Reading and exercise
1843,Yes,Discuss with fellow students and exercises
1844,Yes,Discuss with friends
1845,Yes,Read books share with the other
1846,Yes,Reading and exercise
1847,Yes,Exercises and group discussion
1848,Yes,Reading text book making exercise
1849,Yes,Reading and discussion
1850,Yes,Homework and discussion
1851,Yes,Revising and practicing
1852,Yes,Revision
1853,Yes,Practicing with my friend
1854,Yes,Practicing with my friend
1855,Yes,Revision and practice
1856,Yes,Revision and practice
1857,,
1858,No,
1859,Yes,sometimes  I read  in my textbooks 
1860,,
1861,,
1862,,
1863,,
1864,,
1865,,
1866,No,
1867,No,
1868,Yes,I read science and Maths.
1869,No,
1870,Yes,Revision of books
1871,No,
1872,Yes,"Home work, reading books"
1873,Yes,Reading books
1874,Yes,Reading books
1875,,
1876,No,
1877,Yes,I used  to read  at home 
1878,,
1879,,
1880,,
1881,,
1882,,
1883,,
1884,,
1885,,
1886,,
1887,,
1888,,
1889,,
1890,,
1891,Yes,"Reading,washing TV"
1892,Yes,Reading text books
1893,Yes,"Washing TV,playing foot ball"
1894,Yes,"Reading,playing foot ball"
1895,Yes,"Reading,playing will valley ball"
1896,,
1897,,
1898,,
1899,,
1900,,
1901,,
1902,,
1903,,
1904,Yes,"Reading,playing foot ball"
1905,Yes,"Reading,"
1906,Yes,"Reading,cooking and my mother"
1907,Yes,Reading text books
1908,Yes,"Reading,playing"
1909,,
1910,,
1911,,
1912,,
1913,Yes,Studies
1914,Yes,Studies
1915,Yes,Studies
1916,Yes,Studies
1917,Yes,Studies
1918,Yes,Reading the school pumphlet
1919,Yes,Studies
1920,Yes,Group studies
1921,Yes,Group studies
1922,Yes,Studies
1923,Yes,Studies
1924,,
1925,,
1926,,
1927,Yes,Reading at home
1928,Yes,Reading
1929,,
1930,,
1931,,
1932,,
1933,,
1934,,
1935,,
1936,,
1937,,
1938,,
1939,No,
1940,Yes,Reading
1941,,
1942,Yes,Reading
1943,Yes,Reading and other things.
1944,Yes,Reading and doing other things apart from radio lessons.
1945,,
1946,No,
1947,Yes,Study books
1948,Yes,Reading 
1949,Yes,Reading
1950,No,
1951,,
1952,,
1953,Yes,Revising my school work and field work
1954,Yes,Working in the garden work and revising my school work
1955,Yes,A teacher used to come and teach us at home
1956,Yes,Cooking
1957,Yes,Washing and cleaning
1958,Yes,Revision of the school work
1959,,
1960,,
1961,,
1962,Yes,Revision my previous work
1963,,
1964,,
1965,Yes,Revising my lessons
1966,,
1967,No,
1968,,
1969,No,
1970,,
1971,,
1972,Yes,Reading my book
1973,,
1974,Yes,I'm reading my exercise books.
1975,,
1976,No,
1977,,
1978,No,
1979,No,
1980,,
1981,,
1982,,
1983,No,
1984,,
1985,No,
1986,Yes,Revising my previous work
1987,Yes,General revision
1988,Yes,Revision
1989,No,
1990,Yes,Practicing my previous work done in the school
1991,No,
1992,No,
1993,,
1994,,
1995,No,
1996,No,
1997,No,
1998,,
1999,,
2000,No,
2001,No,
2002,No,
2003,No,
2004,,
2005,,
2006,No,
2007,No,
2008,No,
2009,No,
2010,No,
2011,,
2012,No,
2013,No,
2014,,
2015,No,
2016,No,
2017,,
2018,,
2019,,
2020,,
2021,,
2022,,
2023,,
2024,,
2025,No,
2026,Yes,Doing my previous work
2027,,
2028,,
2029,No,
2030,,
2031,,
2032,Yes,Practicing my previous work
2033,,
2034,,
2035,,
2036,,
2037,,
2038,,
2039,,
2040,,
2041,Yes,Self studies at home
2042,,
2043,,
2044,Yes,Private coaching
2045,Yes,Self studies at home
2046,,
2047,,
2048,,
2049,,
2050,No,
2051,No,
2052,,
2053,Yes,Revision of notice books
2054,Yes,Mostly farm work
2055,,
2056,No,
2057,,
2058,,
2059,,
2060,,
2061,Yes,Studying 
2062,No,
2063,No,
2064,Yes,I read  my textbooks.
2065,Yes,Studying 
2066,Yes,Studying 
2067,Yes,Reavising previous lessons.
2068,,
2069,Yes,Reavising previous work.
2070,Yes,Revising previous lessons.
2071,,
2072,Yes,Studying 
2073,Yes,Revising previous lessons through reading textbooks.
2074,Yes,Studying 
2075,,
2076,,
2077,Yes,Studying 
2078,,
2079,No,
2080,Yes,Revising my previous work
2081,Yes,Garden work and revising my school work
2082,Yes,Making my revision on the previous work
2083,Yes,Practicing my previous work
2084,Yes,Revising my work
2085,Yes,Revision on my previous work
2086,Yes,Discussion in group
2087,Yes,Working with friends and doing exercises
2088,Yes,Discuss with friends and do more many exercise
2089,,
2090,Yes,Group work and exercise
2091,Yes,Group discussion and self test exercise
2092,Yes,Group work and reading plus doing exercises
2093,Yes,We discuss with friends and fellow students
2094,Yes,Practicing my previous work
2095,Yes,Revision
2096,,
2097,,
2098,,
2099,,
2100,,
2101,,
2102,,
2103,,
2104,,
2105,,
2106,,
2107,,
2108,,
2109,,
2110,,
2111,,
2112,,
2113,,
2114,,
2115,,
2116,,
2117,,
2118,,
2119,,
2120,,
2121,,
2122,,
2123,,
2124,,
2125,,
2126,,
2127,,
2128,,
2129,,
2130,Yes,Reading and playing valley ball
2131,Yes,Reading 
2132,Yes,Reading cooking
2133,Yes,"Washing my clothes,cooking and reading"
2134,Yes,Readings
2135,Yes,Reading and playing foot ball
2136,Yes,Readings
2137,Yes,Reading
2138,Yes,Readings
2139,Yes,Because I want to increase my knowledge 
2140,Yes,"Reading ,practice textbooks"
2141,Yes,Because  I want to have more knowledge 
2142,Yes,Reading textbooks
2143,Yes,Reading Practicing 
2144,Yes,Because I want keep my self with my textbooks 
2145,Yes,"Reading,attending news "
2146,Yes,Reading 
2147,,
2148,,
2149,,
2150,Yes,Reading 
2151,Yes,"Reading ,reviewing "
2152,No,
2153,No,
2154,No,
2155,Yes,Reading 
2156,Yes,Reading textbooks
2157,Yes,"Reading ,reviewing "
2158,Yes,"Reading ,reviewing "
2159,No,
2160,Yes,Reading 
2161,Yes,Reading 
2162,Yes,Reading 
2163,Yes,"Reading ,practicing "
2164,Yes,"Practicing ,"
2165,,
2166,,
2167,,
2168,,
2169,,
2170,,
2171,,
2172,Yes,Reading 
2173,Yes,Reading 
2174,Yes,Reading 
2175,Yes,Reading 
2176,Yes,Reading 
2177,Yes,Reading
2178,,
2179,No,
2180,No,
2181,Yes,Reading textbooks
2182,,
2183,Yes,Doing house hold work and read my books with my friends
2184,,
2185,Yes,House hold work
2186,,
2187,,
2188,,
2189,,
2190,,
2191,,
2192,,
2193,,
2194,,
2195,,
2196,,
2197,Yes,Science 
2198,No,
2199,No,
2200,,
2201,,
2202,,
2203,No,
2204,No,
2205,No,
2206,No,
2207,,
2208,,
2209,No,
2210,,
2211,,
2212,No,
2213,No,
2214,,
2215,No,
2216,Yes,English 
2217,No,
2218,Yes,I practice  English 
2219,No,
2220,,
2221,Yes,Reading  English Reader
2222,,
2223,No,
2224,,
2225,No,
2226,No,
2227,No,
2228,No,
2229,No,
2230,No,
2231,No,
2232,No,
2233,No,
2234,No,
2235,No,
2236,No,
2237,No,
2238,No,
2239,No,
2240,No,
2241,,
2242,,
2243,,
2244,No,
2245,,
2246,,
2247,,
2248,,
2249,,
2250,No,
2251,No,
2252,No,
2253,No,
2254,No,
2255,No,
2256,,
2257,No,
2258,No,
2259,No,
2260,No,
2261,No,
2262,No,
2263,No,
2264,No,
2265,No,
2266,No,
2267,No,
2268,No,
2269,No,
2270,,
2271,,
2272,,
2273,,
2274,,
2275,,
2276,,
2277,,
2278,,
2279,,
2280,,
2281,,
2282,,
2283,,
2284,Yes,Reading handout given by the school.
2285,Yes,Student handout.
2286,Yes,Study package
2287,Yes,School handout
2288,Yes,Reading other books
2289,Yes, study package for the school
2290,Yes,School handout
2291,,
2292,,
2293,,
2294,,
2295,,
2296,,
2297,,
2298,,
2299,,
2300,,
2301,,
2302,,
2303,,
2304,,
2305,,
2306,,
2307,,
2308,,
2309,,
2310,,
2311,,
2312,,
2313,,
2314,,
2315,No,
2316,,
2317,,
2318,,
2319,Yes,Practicing my previous work
2320,,
2321,,
2322,,
2323,,
2324,,
2325,,
2326,,
2327,,
2328,,
2329,,
2330,,
2331,,
2332,,
2333,,
2334,,
2335,,
2336,,
2337,,
2338,,
2339,Yes,Cooking
2340,,
2341,,
2342,,
2343,,
2344,,
2345,No,
2346,Yes,Reading
2347,No,
2348,No,
2349,,
2350,No,
2351,No,
2352,Yes,Cooking and collecting water
2353,Yes,Reading books
2354,,
2355,,
2356,,
2357,,
2358,,
2359,,
2360,,
2361,No,
2362,,
2363,,
2364,,
2365,,
2366,Yes,Read my books
2367,No,
2368,Yes,Read books
2369,Yes,We only read and listen to radio
2370,No,
2371,Yes,Reading
2372,Yes,Reading
2373,No,
2374,No,
2375,Yes,Reading 
2376,No,
2377,Yes,Reading 
2378,,
2379,No,
2380,No,
2381,,
2382,,
2383,,
2384,,
2385,,
2386,,
2387,No,
2388,No,
2389,No,
2390,Yes,Study books
2391,No,
2392,,
2393,,
2394,Yes,Study books
2395,Yes,Study books
2396,,
2397,,
2398,,
2399,,
2400,,
2401,,
2402,,
2403,,
2404,,
2405,,
2406,,
2407,,
2408,,
2409,,
2410,,
2411,,
2412,,
2413,,
2414,,
2415,,
2416,Yes,Revising my notes
2417,Yes,Revising my notes
2418,No,
2419,Yes,Revising my notes
2420,No,
2421,No,
2422,Yes,Revising my notes
2423,,
2424,No,
2425,No,
2426,,
2427,No,
2428,Yes,Reading
2429,Yes,Reading
2430,No,
2431,Yes,Reading books
2432,Yes,Reading
2433,Yes,Reading
2434,No,
2435,Yes,Reading
2436,No,
2437,Yes,Reading
2438,Yes,Reading
2439,Yes,Reading books
2440,,
2441,,
2442,,
2443,,
2444,,
2445,,
2446,,
2447,,
2448,,
2449,Yes,Reading and coping note
2450,No,
2451,No,
2452,,
2453,,
2454,No,
2455,No,
2456,No,
2457,Yes,I used  to study  at home 
2458,No,
2459,Yes,homework 
2460,Yes,"I was  cultivating, "
2461,,
2462,,
2463,,
2464,,
2465,No,
2466,No,
2467,No,
2468,No,
2469,Yes,Cooking 
2470,Yes,Studying 
2471,Yes,Studies 
2472,Yes,House materials 
2473,Yes,Studying 
2474,Yes,Studying 
2475,Yes,Studying
2476,Yes,Reading from the books
2477,,
2478,,
2479,,
2480,No,
2481,Yes,Helping my family cleaning the fens
2482,No,
2483,,
2484,No,
2485,Yes,Cooking
2486,Yes,Washing
2487,,
2488,No,
2489,No,
2490,,
2491,,
2492,,
2493,,
2494,No,
2495,No,
2496,No,
2497,Yes,Revising my exercise books at home.
2498,Yes,Reading books and revising my exercise books
2499,Yes,Revising my exercise books
2500,,
2501,,
2502,,
2503,,
2504,Yes,Doing housework and reading
2505,,
2506,Yes,Housework and reading
2507,Yes,Housework and reading
2508,Yes,Reading 
2509,Yes,Looking after the goats/sheep and reading
2510,Yes,Harvesting crops and reading
2511,No,
2512,,
2513,,
2514,Yes,Reading textbooks 
2515,,
2516,,
2517,Yes,"Practice  ,reading "
2518,Yes,"Cultivation, harvesting and reading"
2519,Yes,Reading and housework
2520,Yes,"Reading ,practicing "
2521,Yes,Housework and reading
2522,Yes,Housework and reading
2523,Yes,Reading textbooks 
2524,Yes,Looking after goats/sheep and reading
2525,,
2526,Yes,"Cooking, cleaning of home compound and reading"
2527,Yes,"Practicing ,Reading "
2528,Yes,Reading 
2529,Yes,Reading 
2530,,
2531,,
2532,,
2533,Yes,"Reading textbooks ,looking stroy"
2534,Yes,Reading textbooks 
2535,Yes,Reading 
2536,Yes,Reading
2537,Yes,Reading
2538,Yes,Reading
2539,Yes,"Cooking,reading"
2540,Yes,Reading
2541,Yes,Reading
2542,Yes,Reading
2543,Yes,Reading
2544,,
2545,,
2546,,
2547,,
2548,,
2549,Yes,Reading
2550,Yes,Reading
2551,Yes,Studying at home
2552,,
2553,,
2554,,
2555,,
2556,,
2557,,
2558,,
2559,,
2560,,
2561,Yes,Revise my books.
2562,Yes,Revise my books.
2563,Yes,Reading my books.
2564,Yes,Read my books.
2565,Yes,I go to the garden.
2566,Yes,Revise my books.
2567,Yes,Revising my books.
2568,No,
2569,No,
2570,No,
2571,Yes,Revising my books.
2572,Yes,Revising my school books.
2573,,
2574,,
2575,,
2576,,
2577,No,
2578,Yes,Revising my books.
2579,,
2580,,
2581,,
2582,Yes,Revising my books.
2583,Yes,Revising my books.
2584,Yes,Revising my books.
2585,No,
2586,Yes,Revising school notes
2587,No,
2588,Yes,Practising maths subject
2589,,
2590,No,
2591,Yes,To recalled what has been taught from the school and build courage that schools reopen one time reopen.
2592,Yes,Reading at home during free time
2593,Yes,Remain and maintain passed knowledge up to date.
2594,,
2595,,
2596,,
2597,,
2598,No,
2599,,
2600,No,
2601,No,
2602,No,
2603,No,
2604,,
2605,,
2606,,
2607,No,
2608,,
2609,,
2610,,
2611,,
2612,,
2613,,
2614,,
2615,No,
2616,,
2617,No,
2618,,
2619,No,
2620,No,
2621,,
2622,No,
2623,No,
2624,,
2625,Yes,Reading my previous notes
2626,,
2627,,
2628,,
2629,No,
2630,,
2631,,
2632,,
2633,,
2634,,
2635,,
2636,,
2637,,
2638,,
2639,,
2640,,
2641,,
2642,,
2643,,
2644,,
2645,,
2646,,
2647,,
2648,,
2649,,
2650,,
2651,,
2652,,
2653,,
2654,,
2655,,
2656,,
2657,,
2658,,
2659,Yes,Reading
2660,Yes,Reading
2661,Yes,Revising what have been taught in school before
2662,Yes,I use to revise my school notes
2663,No,
2664,Yes,I do read my books at home
2665,No,
2666,No,
2667,Yes,Reading
2668,,
2669,,
2670,Yes,Reading my books
2671,No,
2672,No,
2673,No,
2674,Yes,Reading the textbooks
2675,Yes,Reading
2676,,
2677,No,
2678,Yes,Reading notebooks
2679,Yes,Reading
2680,Yes,Reading
2681,Yes,Reading
2682,Yes,Reading
2683,No,
2684,Yes,Revision on rear bases
2685,,
2686,Yes,Reading my notes
2687,Yes,Reading books
2688,Yes,Reading my textbooks
2689,Yes,Reading my books
2690,No,
2691,Yes,Reading books
2692,Yes,Reading my books
2693,Yes,Reading my note
2694,Yes,Reading my notes
2695,Yes,Reading
2696,,
2697,Yes,Revised my books
2698,No,
2699,No,
2700,No,
2701,Yes,Reading novel and English books
2702,No,
2703,,
2704,No,
2705,No,
2706,No,
2707,No,
2708,No,
2709,No,
2710,No,
2711,No,
2712,No,
2713,No,
2714,No,
2715,No,
2716,No,
2717,No,
2718,No,
2719,No,
2720,No,
2721,,
2722,,
2723,,
2724,,
2725,,
2726,,
2727,,
2728,,
2729,,
2730,,
2731,,
2732,No,
2733,No,
2734,No,
2735,No,
2736,,
2737,No,
2738,No,
2739,No,
2740,No,
2741,No,
2742,Yes,I always revise my subjects
2743,No,
2744,No,
2745,Yes,To update my mine.
2746,,
2747,,
2748,Yes,Washing of dishes and cooking.
2749,Yes,Revised my proviouse work.
2750,,
2751,,
2752,No,
2753,No,
2754,,
2755,,
2756,,
2757,No,
2758,Yes,Revision and reading
2759,Yes,Group discussion and reading exercises
2760,Yes,Exercises and group discussion
2761,Yes,Reading and doing assignment
2762,Yes,Reading and exercises
2763,Yes,Homework and group discussion
2764,,
2765,Yes,Group discussion and reading exercises
2766,Yes,Group discussion and reading
2767,Yes,Group discussion and reading
2768,Yes,Reading and group discussion
2769,No,
2770,No,
2771,No,
2772,Yes,I do revise my lessons
2773,,
2774,Yes,Study some times based on free time 
2775,Yes,Maintain the passed knowledge learnt from the teachers
2776,Yes,Studying 
2777,,
2778,,
2779,Yes,Making cakes 
2780,Yes,Studying 
2781,,
2782,No,
2783,Yes,Studying 
2784,Yes,Studying 
2785,Yes,Studying 
2786,Yes,Studying 
2787,No,
2788,,
2789,,
2790,,
2791,Yes,To remind her of passes lessons and keep fresh
2792,,
2793,,
2794,Yes,Revising his notes at home 
2795,,
2796,,
2797,,
2798,Yes,Revising books
2799,Yes,Reading
2800,Yes,Reading
2801,Yes,Reading
2802,Yes,Reading
2803,Yes,Reading
2804,Yes,Reading
2805,Yes,Reading
2806,,
2807,,
2808,,
2809,,
2810,,
2811,,
2812,Yes,Studies
2813,No,
2814,No,
2815,No,
2816,No,
2817,No,
2818,No,
2819,No,
2820,No,
2821,No,
2822,No,
2823,No,
2824,No,
2825,No,
2826,No,
2827,No,
2828,No,
2829,No,
2830,,
2831,No,
2832,No,
2833,No,
2834,,
2835,No,
2836,No,
2837,,
2838,,
2839,,
2840,,
2841,,
2842,,
2843,,
2844,,
2845,,
2846,,
2847,,
2848,Yes,Reading note and textbook.
2849,,
2850,,
2851,,
2852,,
2853,,
2854,,
2855,,
2856,,
2857,,
2858,,
2859,Yes,Doing home work like clear the House compound
2860,No,
2861,No,
2862,No,
2863,Yes,Am doing alote of things like clear the compound 
2864,No,
2865,No,
2866,No,
2867,No,
2868,No,
2869,No,
2870,No,
2871,No,
2872,No,
2873,No,
2874,Yes,To remind me of the passed lessons
2875,,
2876,Yes,Revising my notes
2877,No,
2878,No,
2879,,
2880,,
2881,No,
2882,,
2883,Yes,Revising my notes
2884,Yes,I do revise my books sometimes back but when the opening of delayed I gave up.
2885,Yes,Reading
2886,Yes,Studying at home
2887,No,
2888,Yes,Reading the past papers
2889,No,
2890,No,
2891,,
2892,Yes,Reading textbooks
2893,,
2894,,
2895,,
2896,,
2897,,
2898,,
2899,,
2900,,
2901,,
2902,,
2903,Yes,Reading textbooks
2904,Yes,Reading
2905,Yes,Reading
2906,Yes,Reading
2907,Yes,Reading
2908,Yes,Reading
2909,Yes,Reading
2910,Yes,Reading
2911,Yes,Reading
2912,Yes,Reading
2913,Yes,Reading
2914,Yes,Reading
2915,Yes,Reading
2916,Yes,Reading
2917,Yes,Reading
2918,Yes,Reading
2919,Yes,Reading
2920,Yes,Reading
2921,Yes,House activities 
2922,,
2923,Yes,Revision
2924,,
2925,,
2926,,
2927,Yes,Studying at home
2928,Yes,Studying
2929,Yes,Studying at home
2930,Yes,Reading at home
2931,No,
2932,Yes,Reading 
2933,Yes,Reading. Textbooks 
2934,Yes,Reading execses 
2935,Yes,I reading textbooks
2936,Yes,Reading text books
2937,Yes,Reading textbooks 
2938,Yes,Reading textbooks 
2939,Yes,Reading books 
2940,Yes,Reading textbooks 
2941,Yes,Reading textbooks 
2942,Yes,Reading textbooks 
2943,,
2944,,
2945,,
2946,,
2947,,
2948,Yes,"Practicing ,reading textbooks "
2949,Yes,Reads my textbooks 
2950,Yes,Reading my books 
2951,,
2952,Yes,Reading textbooks 
2953,Yes,Reading books 
2954,,
2955,,
2956,,
2957,,
2958,,
2959,,
2960,,
2961,,
2962,Yes,Reading 
2963,No,
2964,,
2965,Yes,Reading
2966,No,
2967,Yes,Reading
2968,Yes,Reading
2969,Yes,Read my textbooks 
2970,Yes,Reading
2971,No,
2972,Yes,Reading
2973,Yes,Reading
2974,Yes,Reading my textbooks 
2975,No,
2976,Yes,Reading textbooks 
2977,No,
2978,,
2979,Yes,Reading my textbooks 
2980,Yes,Reading
2981,Yes,Reading
2982,Yes,Reading
2983,Yes,Reading 
2984,Yes,Practicing 
2985,,
2986,Yes,Reading 
2987,Yes,Reading 
2988,Yes,Reading 
2989,,
2990,No,
2991,Yes,Reading my books
2992,Yes,Reading books
2993,No,
2994,No,
2995,No,
2996,,
2997,,
2998,,
2999,,
3000,,
3001,Yes,Reading of Noble at home 
3002,Yes,Revision
3003,,
3004,,
3005,,
3006,,
3007,,
3008,,
3009,,
3010,,
3011,,
3012,,
3013,,
3014,No,
3015,,
3016,,
3017,Yes,Revisions at home
3018,No,
3019,Yes,Revisions at home
3020,,
3021,Yes,Private coaching
3022,No,
3023,No,
3024,No,
3025,No,
3026,Yes,Private coaching
3027,Yes,Revisions
3028,No,
3029,No,
3030,No,
3031,,
3032,,
3033,Yes,I used to practice at home
3034,No,
3035,,
3036,,
3037,No,
3038,Yes,Reading through text books
3039,No,
3040,No,
3041,Yes,Reading at home
3042,Yes,Reading
3043,No,
3044,No,
3045,,
3046,,
3047,,
3048,No,
3049,Yes,I used to read at home
3050,No,
3051,,
3052,Yes,Practice exercise books
3053,No,
3054,No,
3055,,
3056,No,
3057,Yes,Revising my notes
3058,No,
3059,No,
3060,No,
3061,No,
3062,No,
3063,Yes,Revising my notes
3064,Yes,Reading my book
3065,No,
3066,,
3067,,
3068,No,
3069,No,
3070,No,
3071,No,
3072,No,
3073,No,
3074,No,
3075,No,
3076,,
3077,,
3078,,
3079,,
3080,No,
3081,,
3082,Yes,Practice my previous notes
3083,Yes,Reading
3084,No,
3085,,
3086,No,
3087,No,
3088,Yes,Reading my previous notes
3089,No,
3090,,
3091,No,
3092,Yes,I do read my books
3093,No,
3094,Yes,Reading books 
3095,,
3096,,
3097,,
3098,Yes,So that to maintain the knowledge attained early from school
3099,No,
3100,Yes,Reading books 
3101,Yes,Studying the subject that falls on the time table
3102,Yes,Group discussion
3103,No,
3104,No,
3105,Yes,Reading of books
3106,Yes,Reading books
3107,,
3108,No,
3109,,
3110,,
3111,,
3112,,
3113,Yes,Group discussion
3114,Yes,Teaching/group discussion
3115,Yes,Group discussion
3116,Yes,Attending classes
3117,,
3118,,
3119,,
3120,,
3121,,
3122,Yes,Someone helping me by teaching me.
3123,Yes,Revising my exercise books
3124,No,
3125,No,
3126,No,
3127,No,
3128,Yes,Calculate maths
3129,Yes,Studying 
3130,Yes,Studying 
3131,Yes,Studying 
3132,Yes,Studying maths and English
3133,,
3134,,
3135,,
3136,,
3137,,
3138,,
3139,,
3140,No,
3141,No,
3142,No,
3143,Yes,Am at garden
3144,,
3145,Yes,Reading notes and past papers
3146,,
3147,,
3148,,
3149,Yes,Some times studying my books
3150,No,
3151,Yes,House hold work
3152,No,
3153,Yes,Same time I revise my previous lesson.
3154,,
3155,Yes,I do revised my previous lessons.
3156,,
3157,Yes,I do reade my previous lessons.
3158,No,
3159,,
3160,,
3161,No,
3162,,
3163,No,
3164,,
3165,,
3166,,
3167,Yes,Reading at home.
3168,Yes,I do read at home.
3169,No,
3170,No,
3171,No,
3172,Yes,Reading .
3173,Yes,Reading.
3174,Yes,Reading and writing at home
3175,No,
3176,No,
3177,Yes,Calculating Maths.
3178,Yes,Maths.
3179,Yes,Reading .
3180,,
3181,Yes,Calculating Maths.
3182,,
3183,,
3184,No,
3185,Yes,I read at home.
3186,No,
3187,,
3188,,
3189,,
3190,,
3191,Yes,I do reading at home.
3192,No,
3193,No,
3194,No,
3195,No,
3196,Yes,I do practice always at home to help me in remembering what had been taught.
3197,Yes,English and Mathematics.
3198,Yes, l read Science and CRE subjects.
3199,No,
3200,Yes,Reading .
3201,No,
3202,No,
3203,No,
3204,Yes,Reading.
3205,,
3206,,
3207,,
3208,,
3209,,
3210,Yes,I always calculate some numbers.
3211,,
3212,,
3213,,
3214,No,
3215,No,
3216,,
3217,,
3218,,
3219,Yes,I read my exercise books
3220,,
3221,Yes,Reading books
3222,Yes,Revision at home
3223,,
3224,No,
3225,Yes,Reading my books
3226,Yes,Reading notes books
3227,,
3228,Yes,"1. Doing the cooking
2. Pounding grind
3. Fetching water"
3229,Yes,"Doing the cooking
Pounding grind"
3230,,
3231,Yes,"Pounding grind
Milking cows
"
3232,,
3233,Yes,Herding cattle
3234,No,
3235,No,
3236,No,
3237,No,
3238,No,
3239,No,
3240,No,
3241,No,
3242,,
3243,No,
3244,No,
3245,No,
3246,No,
3247,No,
3248,Yes,Cooking
3249,,
3250,,
3251,,
3252,,
3253,Yes,Reading my exercise book
3254,,
3255,Yes,Reading my book
3256,Yes,Reading My Exercise Book
3257,,
3258,No,
3259,,
3260,,
3261,,
3262,,
3263,,
3264,,
3265,Yes,Study books
3266,,
3267,Yes,Sometime I use to read my books
3268,Yes,We are doing group discussion with other girls from other schools
3269,Yes,My big brother teaches me and give me exercise 
3270,Yes,Group discussion with my classmates from neighborhood
3271,No,
3272,Yes,Testing ourselves from what we learned with my sister
3273,,
3274,Yes,My elder sister who is in P7 sometimes teaches me during her free time
3275,No,
3276,Yes,Study books
3277,,
3278,No,
3279,No,
3280,No,
3281,No,
3282,No,
3283,No,
3284,No,
3285,No,
3286,No,
3287,,
3288,,
3289,Yes,Revising books
3290,Yes,Revising books
3291,Yes,Revising books
3292,Yes,Reading books
3293,Yes,Revising books
3294,Yes,Revising books
3295,,
3296,Yes,help my family
3297,Yes,domestic Work
3298,,
3299,No,
3300,Yes,Revising books
3301,Yes,Revising books
3302,Yes,Revising books
3303,Yes,Study books
3304,Yes,Revising books
3305,Yes,Study books
3306,Yes,Study books
3307,,
3308,,
3309,,
3310,Yes,Study books
3311,,
3312,,
3313,,
3314,Yes,Harvesting garoundnut
3315,,
3316,,
3317,Yes,I read any thing I find around
3318,,
3319,Yes,am revising my old notes.
3320,No,
3321,Yes,am reading my old notes.
3322,,
3323,,
3324,,
3325,,
3326,Yes,Doing revision.
3327,Yes,Revision .
3328,No,
3329,Yes,"Looking after goats, cattles and harvesting groundnut"
3330,Yes,I do my holiday package.
3331,,
3332,No,
3333,,
3334,,
3335,Yes,I read previous notes
3336,,
3337,No,
3338,No,
3339,No,
3340,No,
3341,,
3342,,
3343,,
3344,,
3345,Yes,Reading my books
3346,No,
3347,No,
3348,No,
3349,No,
3350,,
3351,No,
3352,,
3353,No,
3354,No,
3355,No,
3356,No,
3357,Yes,Studying with friends 
3358,,
3359,Yes,We do study at home during our free time
3360,Yes,To make her fresh with hope that schools are going to reopen soon
3361,,
3362,Yes,House activities 
3363,No,
3364,No,
3365,Yes,Studying 
3366,Yes,House activities 
3367,Yes,House activities 
3368,No,
3369,,
3370,Yes,House activities 
3371,Yes,Studying 
3372,Yes,Studying 
3373,Yes,Studying 
3374,Yes,Studying 
3375,Yes,Studying 
3376,Yes,Studying 
3377,,
3378,,
3379,,
3380,,
3381,,
3382,,
3383,,
3384,,
3385,,
3386,,
3387,,
3388,,
3389,,
3390,Yes,Ido revised my previous lessons for cre.
3391,,
3392,Yes,He used to Read CRE  and social studies.
3393,,
3394,No,
3395,,
3396,Yes,Reading my books
3397,,
3398,,
3399,No,
3400,,
3401,No,
3402,,
3403,Yes,Reading
3404,Yes,Reading
3405,,
3406,Yes,Just washing and cooking
3407,,
3408,No,
3409,Yes,Reading
3410,Yes,Reading
3411,Yes,Reading
3412,,
3413,Yes,Revising my books
3414,,
3415,Yes,Reading from books
3416,,
3417,,
3418,Yes,Cooking
3419,Yes,Cutting Grass
3420,No,
3421,No,
3422,,
3423,Yes,Home actives
3424,,
3425,Yes,Home actives
3426,,
3427,Yes,Fetching water and cooking as well.
3428,,
3429,,
3430,,
3431,,
3432,No,
3433,,
3434,No,
3435,Yes,Ido revised my previous lessons for cre.
3436,,
3437,,
3438,,
3439,,
3440,Yes,Revising notes.
3441,Yes,Reading and revising social studies and mathematics only.
3442,Yes,Revising notes.
3443,No,
3444,No,
3445,No,
3446,,
3447,No,
3448,,
3449,,
3450,,
3451,,
3452,,
3453,Yes,I doing cooking in absent of radio 
3454,No,
3455,No,
3456,,
3457,Yes,Reading holiday packagefrom the school
3458,Yes,Reading my holiday package
3459,,
3460,No,
3461,Yes,Normally read science and social studies
3462,,
3463,Yes,Reading package
3464,No,
3465,Yes,Reading P6 notes because mine for P7 was stolen
3466,,
3467,No,
3468,,
3469,Yes,Reversing notes
3470,,
3471,Yes,Reversing notes
3472,,
3473,Yes,Reading writen notes from school.
3474,No,
3475,Yes,Reading more notes on science subjects.
3476,,
3477,Yes,Reading her notes at home
3478,Yes,Reading textbooks
3479,Yes,Reading text books and notes.
3480,,
3481,Yes,He reads textbooks and notes
3482,Yes,Reading notes 
3483,,
3484,,
3485,Yes,She studies at home during coronas so that she wants to keep her knowledge fresh once schools are reopen she would have not loss her knowledge.
3486,,
3487,,
3488,Yes,She thought that schools will one time reopen and she wanted to keep her knowledge fresh no to loss any thing that the teachers have taught for her from school.
3489,,
3490,,
3491,,
3492,,
3493,,
3494,,
3495,,
3496,,
3497,,
3498,,
3499,,
3500,,
3501,Yes,Group discussion and reading textbooks plus practice exercise
3502,Yes,Revise my note
3503,Yes,Group discussion and revision exercises
3504,No,
3505,No,
3506,No,
3507,,
3508,,
3509,Yes,Revise my old notes
3510,,
3511,,
3512,Yes,Revise my old notes
3513,,
3514,,
3515,,
3516,Yes,Reading textbooks
3517,Yes,Reading textbooks
3518,,
3519,No,
3520,No,
3521,No,
3522,No,
3523,,
3524,,
3525,No,
3526,No,
3527,No,
3528,No,
3529,No,
3530,Yes,Revised books and notes she had previously
3531,,
3532,No,
3533,,
3534,No,
3535,,
3536,,
3537,,
3538,,
3539,No,
3540,Yes,Reading notes books
3541,,
3542,,
3543,,
3544,,
3545,,
3546,Yes,Reading books
3547,Yes,Reading notes books
3548,Yes,Notes books
3549,Yes,Notes books
3550,Yes,Reading my books
3551,Yes,Reading books
3552,Yes,Reading books
3553,Yes,Reading books
3554,Yes,Reading books
3555,Yes,Reading notes
3556,Yes,Note reading
3557,Yes,Reading books
3558,Yes,I'm revising the notes given by teachers
3559,Yes,Reading my notes books
3560,Yes,We are discussing with my sisters our holiday package during this pandamic period
3561,,
3562,,
3563,Yes,Revising notes
3564,No,
3565,,
3566,,
3567,No,
3568,No,
3569,No,
3570,No,
3571,No,
3572,No,
3573,No,
3574,Yes,Holiday package
3575,Yes,Father uses to teach me at home.
3576,Yes,We read some books with my class mate
3577,Yes,I uses to make revisions on my previous notes. Readings some textbooks from my friends
3578,,
3579,Yes,Reading my notes
3580,Yes,Read some textbooks and revised my notes
3581,Yes,Revising the few notes that I have 
3582,No,
3583,No,
3584,,
3585,Yes,"Mustering alphabets both capital and small letters.
Revised my notes"
3586,Yes,Revising and practice the lessons learned
3587,Yes,Revising my notes
3588,Yes,I uses to revised my notes taught in school
3589,Yes,"Reading CRE,English and Science"
3590,Yes,"Read my notes of English,science and social study"
3591,Yes,"Read English,CRE and science"
3592,Yes,Revising all my notes books
3593,No,
3594,,
3595,,
3596,,
3597,,
3598,,
3599,,
3600,,
3601,,
3602,,
3603,,
3604,,
3605,,
3606,,
3607,,
3608,,
3609,,
3610,,
3611,,
3612,Yes,Holiday package
3613,Yes,Reading notes
3614,,
3615,Yes,Practicing Mathematics
3616,Yes,Reading holy day package.
3617,Yes,Holiday package
3618,,
3619,Yes,Reading and Making revision on what has been taught to her.
3620,,
3621,Yes,Reading notes 
3622,Yes,Reading notes.
3623,Yes,Revising
3624,,
3625,,
3626,No,
3627,,
3628,,
3629,,
3630,No,
3631,Yes,Sometimes our school do give us take home packages to keep us busy at home
3632,Yes,I do study at my free time
3633,Yes,Studying with my friends and sharing Questions amongst ourselves
3634,Yes,We are given a holiday package for learning from home
3635,Yes,We are studying and discuss with my brother and younger sister
3636,,
3637,,
3638,,
3639,Yes,Reading text books
3640,,
3641,Yes,Reading text
3642,Yes,Reading
3643,Yes,Reading
3644,No,
3645,Yes,Reading
3646,No,
3647,Yes,At times due to garden work
3648,No,
3649,No,
3650,No,
3651,Yes,Reading
3652,Yes,Reading books at time
3653,,
3654,,
3655,,
3656,,
3657,,
3658,No,
3659,,
3660,No,
3661,,
3662,No,
3663,No,
3664,No,
3665,No,
3666,No,
3667,No,
3668,,
3669,,
3670,No,
3671,No,
3672,,
3673,No,
3674,No,
3675,Yes,Study packets
3676,No,
3677,,
3678,,
3679,,
3680,Yes,Reading notes given by my teacher.
3681,Yes,I revise my books
3682,Yes,Holiday package
3683,No,
3684,,
3685,,
3686,Yes,Personal revision only. 
3687,Yes,"Doing my personal studies, reading some text books. "
3688,Yes,"Private teachings, and my own revision during my private time. "
3689,Yes,"Self learning, reading my own text books and also revising my notes. "
3690,Yes,"Personal revision, and reading other text books during my private time. "
3691,Yes,Some times I can read some text books and also revise my note books just to keep my self busy. 
3692,Yes,Practising my study packets
3693,No,
3694,No,
3695,No,
3696,No,
3697,No,
3698,No,
3699,No,
3700,No,
3701,No,
3702,,
3703,No,
3704,No,
3705,No,
3706,No,
3707,No,
3708,,
3709,,
3710,Yes,Reading textbooks
3711,Yes,Reading
3712,Yes,Reading
3713,Yes,Reading
3714,Yes,Reading
3715,Yes,Reading
3716,Yes,Reading
3717,No,
3718,Yes,Reading
3719,Yes,Reading
3720,Yes,Reading
3721,Yes,Reading
3722,Yes,Reading
3723,Yes,Reading
3724,Yes,Reading
3725,Yes,Reading
3726,Yes,Reading
3727,Yes,Reading
3728,,
3729,,
3730,,
3731,,
3732,,
3733,,
3734,,
3735,,
3736,,
3737,,
3738,Yes,Reviewing her books
3739,Yes,Reading notes.
3740,,
3741,Yes,Reading his notes 
3742,,
3743,No,
3744,Yes,Reading notes
3745,,
3746,Yes,Home work
3747,,
3748,Yes,Cooking
3749,,
3750,Yes,Home work
3751,Yes,Reading
3752,,
3753,,
3754,Yes,I have collected holiday package to keep me busy at home
3755,,
3756,,
3757,Yes,Holiday package keeping me busy studying at home
3758,No,
3759,No,
3760,No,
3761,,
3762,Yes,Revise my books.
3763,No,
3764,,
3765,Yes,Reading textbooks.
3766,Yes,Holiday package 
3767,Yes,Reading books 
3768,No,
3769,,
3770,,
3771,,
3772,No,
3773,Yes,Reading
3774,Yes,Studying science subjects
3775,,
3776,No,
3777,Yes,Revising notes
3778,Yes,Reading my text books
3779,,
3780,,
3781,,
3782,,
3783,,
3784,,
3785,No,
3786,No,
3787,No,
3788,No,
3789,No,
3790,Yes,Reading
3791,Yes,Reading
3792,No,
3793,Yes,Reading
3794,Yes,Business and reading
3795,No,
3796,No,
3797,No,
3798,No,
3799,No,
3800,No,
3801,No,
3802,,
3803,,
3804,,
3805,,
3806,,
3807,,
3808,,
3809,,
3810,,
3811,No,
3812,,
3813,,
3814,Yes,Reading her notes
3815,Yes,Reading his holydays package
3816,No,
3817,Yes,Reading notes
3818,,
3819,No,
3820,Yes,Books 
3821,,
3822,Yes,Reading the books and my holiday packages
3823,,
3824,,
3825,,
3826,Yes,Because am always engaged with domestic work
3827,Yes,We have a teacher at home teaching us daily with my friends
3828,Yes,I have text books at home I do study sometime
3829,Yes,We are given holiday package to at home
3830,Yes,Reading some books and notes
3831,Yes,Doing practice on the notes taken in school. Reading some texts books borrowed from friend.
3832,No,
3833,Yes,I uses to reading English book Mathematics.
3834,Yes,Reading some books
3835,Yes,Reading my notes and books
3836,Yes,Self learning.
3837,Yes,Revising some notes and reading books
3838,Yes,"Reading Bible.
Reading some notes and text books."
3839,Yes,Practice on my notes and text books
3840,Yes,Reading my books and notes
3841,Yes,Reading some books and notes.
3842,,
3843,Yes,Reading some books and notes
3844,,
3845,,
3846,,
3847,,
3848,,
3849,No,
3850,Yes,Holiday package
3851,,
3852,Yes,Study holiday package
3853,Yes,Reading Books
3854,,
3855,,
3856,Yes,We do revised our previous lessons
3857,,
3858,Yes,Personal studies. 
3859,Yes,Personal revision. 
3860,Yes,Doing personal studies from my exercise book. 
3861,Yes,Doing my own personal revision. 
3862,Yes,I do my personal revision and reading also other text books. 
3863,,
3864,No,
3865,,
3866,,
3867,No,
3868,Yes,Am studying and revising my books during my free time
3869,Yes,Reading home packages
3870,,
3871,Yes,Reading holiday packages
3872,Yes,"Learning domestic work, Reading Notes Books, Used holiday packages"
3873,No,
3874,Yes,Nothing
3875,,
3876,,
3877,Yes,Self learning/ studies
3878,No,
3879,,
3880,Yes,Doing personal revisions.
3881,,
3882,Yes,Revising my note books during my private time.
3883,No,
3884,,
3885,Yes,I study all my notes which I was having from the school.
3886,Yes,Only studying my notes.
3887,,
3888,Yes,Doing only personal revisions in my previous notes.
3889,No,
3890,Yes,Personal studies in my note books.
3891,Yes,Personal revisions from my school exercise.
3892,Yes,Personal studies.
3893,No,
3894,,
3895,Yes,Studying my previous notes
3896,Yes,Own personal studies.
3897,,
3898,Yes,I do study my old notes from the school.
3899,Yes,Revising my old notes
3900,No,
3901,No,
3902,No,
3903,No,
3904,,
3905,,
3906,,
3907,,
3908,No,
3909,,
3910,,
3911,,
3912,,
3913,,
3914,,
3915,,
3916,,
3917,,
3918,,
3919,,
3920,,
3921,,
3922,,
3923,,
3924,,
3925,,
3926,,
3927,,
3928,,
3929,,
3930,,
3931,,
3932,,
3933,,
3934,,
3935,,
3936,,
3937,,
3938,,
3939,,
3940,Yes,Holiday package
3941,,
3942,Yes,Read notes
3943,No,
3944,Yes,Holiday package
3945,,
3946,Yes,Holiday package
3947,,
3948,No,
3949,,
3950,,
3951,Yes,Group discussion
3952,Yes,Group discussion
3953,Yes,Reading books at night
3954,Yes,To acquit herself with the lessons taught by her teachers in class.
3955,Yes,Reading of books
3956,No,
3957,,
3958,Yes,Reading what was taught
3959,,
3960,No,
3961,No,
3962,,
3963,,
3964,,
3965,,
3966,,
3967,,
3968,,
3969,,
3970,,
3971,,
3972,,
3973,,
3974,,
3975,,
3976,,
3977,,
3978,Yes,Build up their memory when schools are reopen they would have some thing in the brain 
3979,,
3980,,
3981,,
3982,Yes,Reading my notes book
3983,Yes,Revising Note books
3984,No,
3985,Yes,Sometimes revising my notes
3986,No,
3987,,
3988,,
3989,,
3990,,
3991,,
3992,,
3993,Yes,To make memorise what has been taught by their teachers and she has hope that schools will one time be reopen and she go back to school.
3994,,
3995,,
3996,,
3997,,
3998,,
3999,,
4000,,
4001,Yes,Revising the notes he have.
4002,Yes,Reading notes taught in school
4003,Yes,Reading holiday packages
4004,Yes,Reading notes taught at school.
4005,,
4006,,
4007,,
4008,No,
4009,,
4010,,
4011,Yes,Face book 
4012,Yes,Revising.book
4013,Yes,Group study 
4014,,
4015,,
4016,,
4017,No,
4018,No,
4019,Yes,Sometime I do studies my book at home with other friends
4020,No,
4021,Yes,We discussing and studying at home with my elder brother
4022,Yes,Revision and self assessment through studies package
4023,,
4024,,
4025,,
4026,,
4027,,
4028,,
4029,Yes,I am reading on my own. 
4030,,
4031,Yes,Reading at home because the principle of the school gave our materials to read and answer 
4032,,
4033,Yes,We were given questions to answer 
4034,,
4035,,
4036,Yes,We read when we have no work at home 
4037,,
4038,No,
4039,No,
4040,,
4041,Yes,I write and read
4042,Yes,I just reads books
4043,,
4044,Yes,I do revised my previous lesson
4045,,
4046,Yes,I do revised my previous lessons
4047,Yes,I read my notes
4048,Yes,Reading notes
4049,Yes,"Exercise books,"
4050,No,
4051,Yes,Coaching
4052,,
4053,,
4054,,
4055,Yes,Reading in book
4056,No,
4057,,
4058,,
4059,Yes,Revising my work
4060,No,
4061,Yes,Reading my study package
4062,,
4063,,
4064,Yes,I use study packets for revision
4065,,
4066,,
4067,No,
4068,No,
4069,No,
4070,,
4071,No,
4072,Yes,Reading notes
4073,,
4074,No,
4075,No,
4076,Yes,Text books
4077,,
4078,No,
4079,Yes,I stopped reading because of over staying without going to school
4080,,
4081,,
4082,,
4083,,
4084,,
4085,,
4086,,
4087,,
4088,,
4089,,
4090,No,
4091,,
4092,,
4093,Yes,I only revised my previous lesson once
4094,Yes,I do read bible verses
4095,Yes,I do revised my previous lesson
4096,,
4097,Yes,Coaching
4098,,
4099,Yes,Revision
4100,,
4101,Yes,Holiday package
4102,,
4103,Yes,Revision 
4104,No,
4105,No,
4106,,
4107,Yes,Revision 
4108,,
4109,No,
4110,Yes,Reading 
4111,Yes,Reading
4112,Yes,We move to a near by home to read
4113,Yes,Yes I read 
4114,Yes,Reading exercise book
4115,No,
4116,Yes,Revision of notes
4117,No,
4118,Yes,Revision 
4119,Yes,I was reading the few notes taught before closure of schools.
4120,Yes,"Reading books, Assignment from schools"
4121,Yes,Revised all the five subjects.
4122,Yes,Reading my books
4123,No,
4124,Yes,Reading all the five subjects.
4125,,
4126,,
4127,,
4128,,
4129,,
4130,Yes,Devising my books 
4131,Yes,Reading text books
4132,Yes,Reading
4133,Yes,I revise my books
4134,Yes,Reading
4135,Yes,Reading
4136,Yes,Reading
4137,Yes,Reading
4138,Yes,Reading
4139,No,
4140,Yes,Reading
4141,No,
4142,No,
4143,No,
4144,Yes,Reading
4145,Yes,Reading
4146,,
4147,,
4148,,
4149,,
4150,,
4151,,
4152,,
4153,Yes,So that I don't have to forget what was taught to me.
4154,Yes,Reading
4155,Yes,Reading books 
4156,Yes,Reading
4157,,
4158,No,
4159,Yes,I do revised my previous lessons
4160,,
4161,Yes,Our teachers come to our house and teach me
4162,Yes,Reverse my previous lesson
4163,Yes,I do revised my previous lessons
4164,,
4165,,
4166,,
4167,Yes,Reading notes
4168,Yes,Reading notes
4169,Yes,Revising his notes from school.
4170,Yes,Reading notes he copied in school.
4171,,
4172,,
4173,Yes,Reading notes from school.
4174,,
4175,,
4176,,
4177,No,
4178,,
4179,Yes,Reading the book and my holiday package
4180,Yes,Learning new things through group discussion and revising my books
4181,,
4182,No,
4183,Yes,I use to read my books
4184,,
4185,No,
4186,Yes,The school have given us holiday package for studies at home so most time am studying
4187,Yes,We are revising our books with my siblings at home
4188,No,
4189,,
4190,,
4191,Yes,We are studying with my sisters
4192,Yes,Reading my holiday packages
4193,Yes,Reading packages
4194,Yes,Reading previous notes
4195,No,
4196,,
4197,,
4198,Yes,Reading my books and packages from the school.
4199,,
4200,No,
4201,Yes,Revision
4202,Yes,Ex- books 
4203,,
4204,Yes,Practice Maths lesson
4205,,
4206,,
4207,,
4208,,
4209,,
4210,,
4211,,
4212,,
4213,,
4214,,
4215,,
4216,,
4217,,
4218,,
4219,,
4220,,
4221,,
4222,,
4223,,
4224,,
4225,,
4226,,
4227,,
4228,,
4229,,
4230,,
4231,,
4232,,
4233,,
4234,,
4235,,
4236,,
4237,,
4238,,
4239,,
4240,,
4241,,
4242,Yes,Books
4243,Yes,Reading her notes from school.
4244,Yes,Reading notes
4245,Yes,Revising taught lessons
4246,,
4247,,
4248,No,
4249,,
4250,Yes,Text books where given to us by the teachers
4251,,
4252,,
4253,,
4254,,
4255,,
4256,Yes,Helping my siblings. Revising exercises of last year 
4257,Yes,Revising my exercise books 
4258,,
4259,Yes,I have been reading 
4260,Yes,Reading my notes 
4261,,
4262,Yes,Too much work because I am the only girl at home and no body to help me while studying
4263,,
4264,,
4265,,
4266,Yes,Reading only
4267,No,
4268,Yes,I revise my notes and only one book for CRE
4269,Yes,Text book 
4270,Yes,Notes and text books for science 
4271,Yes,I have text books
4272,Yes,Very little 
4273,Yes,Reading 
4274,No,
4275,,
4276,,
4277,Yes,I reverse my previous lessons
4278,Yes,I do revised my previous lessons
4279,,
4280,Yes,I do my previous maths lesson
4281,Yes,I revise my previous lessons
4282,,
4283,,
4284,Yes,Reading her holiday packages given by school.
4285,,
4286,Yes,Reading holiday packages given by the school.
4287,Yes,Reading holiday packages and answering questions .
4288,Yes,Doing holiday package
4289,,
4290,Yes,Read books
4291,Yes,Reverse notes
4292,No,
4293,,
4294,Yes,Reading text book
4295,No,
4296,,
4297,No,
4298,,
4299,Yes,Holiday package
4300,No,
4301,No,
4302,No,
4303,,
4304,,
4305,Yes,Reading the books
4306,Yes,Reading other materials for example past papers and text books
4307,Yes,Reading from other books
4308,Yes,Reading my books
4309,,
4310,No,
4311,,
4312,,
4313,,
4314,Yes,We are studying at home and practising Mathematics with my friends and colleagues
4315,Yes,Am revising my books and the notes I took from school
4316,No,
4317,Yes,We have collected holiday package
4318,Yes,Studying from my books
4319,,
4320,,
4321,Yes,Revision
4322,,
4323,No,
4324,,
4325,Yes,Holiday package 
4326,,
4327,,
4328,,
4329,,
4330,,
4331,,
4332,,
4333,,
4334,,
4335,Yes,Garden work
4336,No,
4337,Yes,Garden work
4338,Yes,Reading
4339,Yes,Garden work
4340,No,
4341,No,
4342,Yes,Reading book
4343,Yes,Reading text
4344,No,
4345,Yes,Reading after work
4346,Yes,Reading 
4347,Yes,Reading
4348,Yes,Reading
4349,Yes,Revision
4350,Yes,Reading 
4351,Yes,Reading 
4352,Yes,Reading
4353,,
4354,No,
4355,Yes,Reading from tables and text books.
4356,Yes,Reading my books
4357,Yes,Read only my exercises books 
4358,No,
4359,,
4360,,
4361,Yes,Notes on exercise books
4362,Yes,Books
4363,Yes,"Work, reading and revise the notes and  packages."
4364,,
4365,Yes,Reading my packages
4366,No,
4367,,
4368,No,
4369,Yes,Reading my previous notes
4370,,
4371,,
4372,Yes,Revise books.
4373,Yes,Reading notes
4374,,
4375,Yes,I read other books
4376,Yes,Revise previous notes
4377,,
4378,,
4379,Yes,We are given holiday package for assessment exams so most time we are committed in studies with my sister
4380,Yes,Revising my books and text books sometime
4381,Yes,We were given holiday package twice for first and second term assessment in preparation of next year promotion
4382,Yes,Am studying at home at my free time and practising what I learned from my text books
4383,Yes,Sometime if I have free time I do revise my books
4384,Yes,Reading notes
4385,Yes,"Reading notes, holiday packages and textbooks."
4386,Yes,"Reading holiday packages, notes and textbooks."
4387,Yes,Reading holiday peackages and borrowed notes from friends.
4388,Yes,Reading notes 
4389,,
4390,,
4391,Yes,I do revised my previous lessons
4392,,
4393,Yes,I do revised my previous lessons
4394,No,
4395,Yes,I do revised my previous lessons 
4396,,
4397,,
4398,Yes,Reading the books
4399,Yes,"Reading from the books
"
4400,,
4401,Yes,Reading from the books 
4402,Yes,Reading the books 
4403,,
4404,Yes,Reading
4405,No,
4406,No,
4407,Yes,Reading
4408,Yes,Reading
4409,,
4410,No,
4411,,
4412,No,
4413,Yes,Reading our books 
4414,No,
4415,,
4416,,
4417,,
4418,,
4419,,
4420,,
4421,,
4422,,
4423,,
4424,,
4425,,
4426,,
4427,,
4428,,
4429,,
4430,,
4431,No,
4432,,
4433,,
4434,No,
4435,Yes,Reading
4436,No,
4437,No,
4438,Yes,Reading
4439,No,
4440,No,
4441,No,
4442,No,
4443,Yes,Reading
4444,No,
4445,No,
4446,Yes,Reading old notes from previous exercise books.
4447,,
4448,Yes,Revising books 
4449,No,
4450,Yes,Revising books 
4451,,
4452,,
4453,Yes,Reviaing
4454,Yes,Revising
4455,,
4456,Yes,Revising
4457,Yes,Reading
4458,,
4459,,
4460,,
4461,,
4462,,
4463,,
4464,,
4465,,
4466,Yes,Reading books
4467,,
4468,,
4469,,
4470,,
4471,No,
4472,No,
4473,No,
4474,No,
4475,,
4476,No,
4477,No,
4478,No,
4479,No,
4480,No,
4481,,
4482,,
4483,,
4484,,
4485,,
4486,,
4487,No,
4488,No,
4489,No,
4490,Yes,Reading my previous books and text books
4491,No,
4492,No,
4493,Yes,Reading my books and text books 
4494,No,
4495,Yes,Self learning from the text books and revising old notes from my friends 
4496,No,
4497,Yes,The notes we got before closure of schools.
4498,,
4499,,
4500,No,
4501,,
4502,Yes,She is attending to a coaching done by a privately hired teacher.
4503,,
4504,,
4505,,
4506,Yes,My big brother is teaching me at home
4507,Yes,We are studying at home during our free time using our study packets
4508,Yes,We are studying and answering holiday packages for another school to keep me busy
4509,Yes,We are revising our books and comparing notes of different schools with my friends at home during our free time
4510,Yes,We are revising our books and my sister is normally helping me by assessing me in what I have read
4511,Yes,Revising and doing my holiday package assessment test after every one month
4512,Yes,We discussing in our focus group about education and sharing our experiences and self assessment exams
4513,Yes,Studying my books and past papers
4514,Yes,We revising at home with my brothers and sisters
4515,Yes,Reading my text books
4516,Yes,Reading my text book
4517,No,
4518,Yes,Reading on text books
4519,,
4520,,
4521,Yes,Revising the lessons in my text books
4522,Yes,Reading on text & ex. Books. 
4523,,
4524,No,
4525,No,
4526,,
4527,Yes,Cooking
4528,Yes,Garden work
4529,Yes,Washing clothes and weeding
4530,Yes,Digging and cleaning Compound
4531,Yes,Cooking and washing utensils
4532,Yes,Cooking
4533,Yes,Cooking and washing utensils
4534,Yes,Digging
4535,Yes,Digging
4536,Yes,Digging
4537,Yes,Digging
4538,Yes,Digging cassava garden
4539,Yes,Digging cassava garden
4540,Yes,Digging
4541,No,
4542,No,
4543,,
4544,,
4545,,
4546,,
4547,,
4548,,
4549,,
4550,,
4551,,
4552,Yes,Reading at home 
4553,No,
4554,Yes,Reading
4555,Yes,Reading CRE book
4556,,
4557,,
4558,,
4559,,
4560,,
4561,,
4562,,
4563,,
4564,Yes,Reading
4565,Yes,Reading
4566,No,
4567,No,
4568,Yes,Reading
4569,No,
4570,No,
4571,No,
4572,No,
4573,No,
4574,No,
4575,Yes,Play circle to learn spelling
4576,No,
4577,No,
4578,No,
4579,,
4580,Yes,Reading textbook
4581,No,
4582,,
4583,,
4584,,
4585,Yes,Reading
4586,No,
4587,No,
4588,No,
4589,No,
4590,Yes,Reading
4591,Yes,Reading
4592,No,
4593,Yes,Reading
4594,No,
4595,Yes,Reading
4596,No,
4597,No,
4598,No,
4599,No,
4600,No,
4601,No,
4602,No,
4603,No,
4604,No,
4605,Yes,Ready my book after lesson 
4606,,
4607,,
4608,No,
4609,No,
4610,,
4611,No,
4612,,
4613,,
4614,,
4615,,
4616,,
4617,No,
4618,No,
4619,,
4620,Yes,Doing revision
4621,No,
4622,Yes,Reading noted
4623,Yes,Revision of my books
4624,Yes,"Revision, balancing equation and doing some maths."
4625,No,
4626,Yes,Self reading
4627,No,
4628,,
4629,Yes,Reading
4630,No,
4631,No,
4632,,
4633,No,
4634,,
4635,No,
4636,No,
4637,No,
4638,No,
4639,No,
4640,No,
4641,No,
4642,No,
4643,No,
4644,No,
4645,No,
4646,,
4647,No,
4648,No,
4649,Yes,Cultivation and weeding
4650,No,
4651,No,
4652,,
4653,No,
4654,No,
4655,No,
4656,No,
4657,,
4658,No,
4659,Yes,Reading
4660,Yes,Reading and cultivation
4661,,
4662,No,
4663,,
4664,,
4665,No,
4666,No,
4667,Yes,Self reading
4668,No,
4669,No,
4670,No,
4671,No,
4672,No,
4673,,
4674,No,
4675,,
4676,Yes,Self reading
4677,No,
4678,No,
4679,No,
4680,No,
4681,No,
4682,,
4683,,
4684,No,
4685,Yes,I revise my notes.
4686,Yes,Discussion with my sister and brother since we are all secondary School students.
4687,Yes,I do revise my exercise books.
4688,Yes,Doing Maths with my brothers and even doing revision in other subjects.
4689,No,
4690,Yes,Doing Maths and reading
4691,Yes,Reading books
4692,No,
4693,Yes,Reading in the evening
4694,Yes,Reading
4695,Yes,Reading
4696,,
4697,,
4698,Yes,Reading books
4699,No,
4700,Yes,Reading books
4701,Yes,Domestic work at home
4702,Yes,Fetching water and cooking
4703,Yes,Cleaning compound
4704,Yes,Cleaning compound and Wash utensils
4705,,
4706,Yes,Cleaning compound and cooking food
4707,Yes,Washing utensils
4708,Yes,Reading books
4709,Yes,Reading books
4710,Yes,Reading text books
4711,Yes,Reading books
4712,Yes,Revision of my note books
4713,Yes,Reading books
4714,Yes,Revision at home
4715,Yes,Reading books
4716,Yes,Reading
4717,Yes,Reading textbook
4718,Yes,Reading textbook
4719,,
4720,,
4721,,
4722,,
4723,,
4724,,
4725,,
4726,,
