,Q46_Do you feel worried about your health due to studying/being at home during COVID-19?,Q47_Why or why not?
0,,
1,,
2,,
3,,
4,No,Not worried  about my health at home but worried about studies
5,No,Because I'm studying at home
6,,
7,,
8,,
9,,
10,Yes,Because staying in place is not good for learning n
11,,
12,,
13,,
14,,
15,,
16,,
17,,
18,,
19,,
20,,
21,,
22,,
23,,
24,,
25,,
26,Yes,Because Covid 19 kills
27,Yes,He is worried about himself and the future of the children 
28,,
29,,
30,,
31,,
32,,
33,,
34,,
35,,
36,,
37,,
38,,
39,,
40,,
41,,
42,,
43,,
44,,
45,,
46,,
47,,
48,,
49,,
50,,
51,,
52,,
53,,
54,,
55,,
56,,
57,,
58,,
59,,
60,,
61,,
62,,
63,,
64,,
65,,
66,,
67,,
68,,
69,,
70,,
71,,
72,,
73,,
74,,
75,,
76,,
77,,
78,,
79,,
80,,
81,,
82,,
83,,
84,,
85,,
86,,
87,,
88,,
89,,
90,,
91,,
92,,
93,,
94,,
95,,
96,,
97,,
98,,
99,,
100,,
101,,
102,,
103,,
104,,
105,,
106,,
107,,
108,,
109,,
110,,
111,,
112,,
113,,
114,,
115,,
116,,
117,,
118,,
119,,
120,,
121,,
122,,
123,,
124,,
125,,
126,,
127,,
128,,
129,,
130,,
131,,
132,,
133,,
134,,
135,,
136,,
137,,
138,,
139,,
140,,
141,,
142,,
143,,
144,,
145,,
146,,
147,,
148,,
149,,
150,,
151,,
152,,
153,,
154,,
155,,
156,,
157,,
158,,
159,,
160,,
161,,
162,,
163,,
164,,
165,,
166,,
167,,
168,,
169,,
170,,
171,,
172,,
173,,
174,,
175,,
176,,
177,,
178,,
179,,
180,,
181,,
182,Yes,The MoH said stay home stay safe
183,,
184,,
185,,
186,,
187,,
188,,
189,,
190,,
191,,
192,No,Because I feel safe
193,,
194,,
195,,
196,,
197,,
198,,
199,,
200,,
201,,
202,,
203,,
204,,
205,,
206,,
207,,
208,,
209,,
210,,
211,,
212,,
213,,
214,,
215,,
216,Yes,Because there's no safety measures 
217,,
218,,
219,,
220,Yes,Due to covid - 19
221,,
222,,
223,,
224,,
225,,
226,No,We have nothing to do so I am not worried
227,Yes,Covid-19
228,No,Adue covid-19
229,No,Because I have no idea concern covid-19
230,,
231,,
232,,
233,No,Because people are saying there is covid- 19 but I don't see any thing they are doing 
234,,
235,,
236,Somewhat,"I have seen that, lessons isn't effective "
237,,
238,,
239,,
240,,
241,,
242,,
243,,
244,,
245,,
246,,
247,,
248,,
249,,
250,,
251,,
252,,
253,,
254,,
255,,
256,,
257,,
258,,
259,,
260,,
261,,
262,,
263,,
264,,
265,,
266,,
267,,
268,,
269,,
270,,
271,,
272,,
273,,
274,,
275,,
276,Yes,Because of people who usually visit me at home.
277,,
278,,
279,,
280,,
281,,
282,,
283,,
284,,
285,,
286,,
287,,
288,,
289,,
290,,
291,,
292,,
293,,
294,,
295,,
296,,
297,,
298,,
299,,
300,,
301,,
302,,
303,,
304,,
305,,
306,Yes,Because the virus has no cure
307,,
308,,
309,,
310,,
311,,
312,,
313,,
314,,
315,,
316,,
317,,
318,,
319,,
320,,
321,No,No sign of coronas any more 
322,,
323,Yes,Because it can kill people and has no cure
324,,
325,Yes,Because it has no treatment 
326,Yes,Because people say there is no treatment for it
327,Yes,Am scared because the way the disease kills is threatening especially when I watch from TV how people died from western world .
328,,
329,,
330,,
331,,
332,Yes,It is a pandemic disease that can kill the whole village it invaded in the village .
333,,
334,,
335,,
336,Yes,She is worry because if it affects her she might die.
337,,
338,,
339,,
340,,
341,,
342,,
343,,
344,Yes,Because it kills people especially if people sit near each other
345,,
346,,
347,,
348,,
349,,
350,,
351,,
352,,
353,,
354,,
355,,
356,,
357,,
358,,
359,,
360,,
361,,
362,,
363,,
364,,
365,,
366,,
367,,
368,,
369,,
370,,
371,,
372,Yes,Because lam care about my life.
373,Yes,Fearing of covid-19 is rumpt here in my area
374,,
375,,
376,,
377,,
378,,
379,,
380,,
381,,
382,,
383,Yes,Due to the awareness provided by ministry of health.
384,No,Because the sickness is not common in our area
385,No,For us in village we are not aware if there is coronas because there is sign that some one died of coronas .
386,No,Covid-19 is now normal
387,,
388,,
389,No,No reason to worry 
390,No,No need to fear
391,,
392,,
393,No,Because I am isolated with my family
394,,
395,,
396,,
397,,
398,,
399,,
400,,
401,,
402,,
403,,
404,,
405,No,Home is safe
406,No,Home is safety
407,No,Because I need complete my studies
408,,
409,,
410,,
411,,
412,,
413,,
414,,
415,,
416,,
417,,
418,,
419,,
420,,
421,,
422,,
423,Yes,Because they say covoid-19 survive everywhere
424,,
425,,
426,,
427,,
428,,
429,,
430,,
431,,
432,,
433,,
434,,
435,,
436,,
437,,
438,,
439,,
440,,
441,,
442,,
443,,
444,,
445,,
446,No,It is safe.
447,,
448,,
449,No,At home they are safe
450,No,They are at home
451,Yes,It's aglobal disease
452,No,Because we were not crwaded
453,,
454,,
455,,
456,,
457,,
458,No,Because I'm safe at home
459,,
460,,
461,,
462,,
463,,
464,Yes,Some of us are very work 
465,No,Because of COVID_ 19
466,No,No corona
467,,
468,,
469,,
470,,
471,,
472,,
473,,
474,,
475,Yes,Because of CoVID 19 infection.
476,Yes,No listening to all lessens
477,,
478,,
479,,
480,No,Because I am having some preventive measure such as face mask at home and am someone who is educated.
481,,
482,No,The environment is wide and not congested
483,Yes,Being lonely no group work
484,No,No answer
485,No,No sign of the disease is seen in our area.
486,,
487,,
488,,
489,,
490,No,Beacuse am staying in my house.
491,No,Beacuse am staying in my house.
492,,
493,,
494,No,"Because I am at our home and we keep washing our hands, keep social distance and all that is necessary to prevent being infected by Covid19."
495,Yes,Because of CoVID 19 infection among people.
496,,
497,,
498,Yes,Due to covid 19
499,,
500,,
501,,
502,,
503,,
504,,
505,No,It's just normal
506,,
507,,
508,,
509,,
510,,
511,,
512,,
513,,
514,,
515,,
516,,
517,,
518,,
519,,
520,,
521,,
522,,
523,,
524,,
525,,
526,,
527,,
528,,
529,,
530,,
531,,
532,,
533,No,Keeping social distance
534,No,Because I believe in God
535,No,I can mentain social distance
536,No,Am at home
537,,
538,No,Am at home no movement
539,No,At home am safe
540,Yes,Because it cause death
541,Yes,Because it kill
542,Yes,It's a bad sickness
543,,
544,,
545,,
546,Yes,Because it kills
547,,
548,,
549,Yes,Because it can kill
550,,
551,Yes,Because it kill
552,,
553,,
554,Yes,Because it can kill
555,No,I trust in God
556,,
557,,
558,,
559,,
560,,
561,,
562,Yes,Because of CoVID 19 infection.
563,,
564,Yes,It can kill easily
565,Somewhat,I don't want to die
566,Yes,It can kill
567,Yes,It is dangerous
568,Yes,It can kill
569,Yes,It can kill
570,,
571,Yes,Because it can spread easily
572,,
573,Yes,It is dangerous
574,Yes,It is dangerous
575,Yes,It is dangerous
576,Yes,From getting that deases
577,,
578,Yes,Because I don't want to die.
579,No,Because I am safe at home.
580,No,Because I am alone.
581,No,Because I am alone at home.
582,Yes,Because of CoVID 19 infection among people.
583,Yes,Because of CoVID 19 infection among people.
584,Yes,Because of CoVID 19 caused fear among the people.
585,No,Because of protection from CoVID 19.
586,,
587,,
588,,
589,,
590,No,Because I do follow preventive measures .
591,,
592,,
593,Somewhat,Rrrrrrrrr
594,Somewhat,Because of CoVID 19 infection.
595,No,Because of CoVID 19 infection.
596,Yes,Because of infection of CoVID 19.
597,,
598,,
599,Yes,It is dangerous
600,,
601,Yes,It is dangerous and it can kill easily
602,,
603,,
604,,
605,,
606,,
607,Yes,"COVID-19 is dangerous, it can kill easily"
608,,
609,Yes,It is bad sickness
610,Yes,It can spread easily
611,,
612,,
613,,
614,,
615,,
616,Somewhat,Not sure
617,,
618,Yes,I don't want to die due to coronavirus
619,,
620,,
621,,
622,,
623,,
624,Somewhat,It's dangerous diseases
625,Yes,Because of the movements of neighbors to outside
626,,
627,,
628,Yes,Because it can kill easily
629,No,Because when Iam at home I can be able to control my health when at home
630,Yes,Because of close distance  when the sun is hot
631,Yes,Because of c.19
632,Yes,Because c.19
633,,
634,No,Because we are keeping c.19 measures
635,No,No worry
636,No,Measures of c.19 will be respected
637,,
638,No,Because of c.19
639,,
640,,
641,Yes,Is risk 
642,Yes,Because of economic situations
643,Yes,This disease is risk
644,Yes,People are not observing social distancing
645,,
646,,
647,Yes,Because we come closer to others 
648,,
649,,
650,,
651,,
652,,
653,,
654,,
655,No,I am not studying 
656,,
657,,
658,,
659,Yes,Because of the visitors who come to our home 
660,No,He build courange for himself like coronas is any other disease.
661,Yes,By that time coronas might have subside
662,Yes,The sick people are not known because no machine for testing
663,Yes,Because of no social gatherings
664,,
665,Yes,Because social gathering transmits COVID-19 while listening to radio with other people outside the family.
666,Yes,Because am not moving in public places
667,Yes,Because school is not opened
668,,
669,Yes,Because of Corina infection
670,No,Because I remain at home most the time
671,,
672,,
673,Yes,Because this sickness is bad
674,,
675,Yes,It kill
676,Yes,No treatment
677,Yes,It has treatment
678,,
679,,
680,,
681,,
682,,
683,,
684,,
685,,
686,,
687,,
688,,
689,,
690,,
691,,
692,,
693,,
694,,
695,,
696,,
697,,
698,,
699,,
700,No,We heard about it in the media but is not common in our area. 
701,,
702,,
703,,
704,No,I am worried because of COVID19 and I am missing a lot of things  which I could have done it in school
705,Yes,I'm protecting my self
706,Yes,Staying at home is different from being in school
707,Yes,"No school, teachers are not there, things becomes hard"
708,Yes,Maybe someone will bring the virus
709,Yes,"Because there is no movement around ,it is hard to get other things"
710,No,The family members are few compared to the school members
711,Yes,What the learners learn over radio is not enough for them
712,No,It is safe at home because the family members are few compared to the school members
713,No,Because I am safe
714,Yes,The future of the children is in problem because most are pregnant
715,Yes,I'm safe at home
716,No,I am safe at home
717,No,Because there few people at home
718,No,Because it is safe at home
719,No,It is safe to be at home
720,No,It is safe to say that I am safe at home because the time is not enough for me to get a lot of things
721,No,Because I am safe at home
722,No,Because it is safe at home
723,Somewhat,Because it keeps me busy
724,Yes,Because I am going to miss a lot of things which would be given by the teachers
725,Yes,Because I am going to miss a lot
726,No,It is safe at home
727,Yes,The disease is every where
728,Yes,The disease is every where
729,Yes,The disease is every where
730,Yes,Because many people have forgotten the measures put in place to stay safe from COVID19
731,Yes,Because if I could be in school could do something
732,Yes,The disease is every where it can affect me even at home
733,Yes,The disease is every where
734,Yes,COVID19 is every where
735,Yes,I am missing a lot of things
736,No,I am safe safe at home
737,No,I am safe at home
738,Yes,Because the learners are missing a lot of things from the school
739,Yes,Because I am missing a lot of things to do in school
740,Yes,Because our children are missing classes
741,Yes,Because I am missing a lot of things which I used to do in school
742,Yes,The children are missing classes and some are growing old
743,Yes,Yes I am worried because I don't know when the school will open
744,Yes,I am worried because I don't know when the school will open
745,Yes,I never know when the school will be reopened
746,Yes,The disease is everywhere
747,No,It is safe at home
748,Yes,Because COVID19 can affect everywhere
749,Yes,The disease can affect people everywhere
750,Yes,Because I don't know when the school will be reopened
751,Yes,Because I am missing a lot of things in the school
752,Yes,Because I don't know when the disease will finish
753,Yes,Because I never know when the school will be reopened
754,Yes,Fear to moved out because of some neighbors many be affected
755,Yes,Because is a deathly disease
756,Yes,Is deathly disease
757,No,Because I don't move any where
758,,
759,Yes,Fearing to be with many people together
760,Yes,Because the disease is very bad
761,Somewhat,We are following the rules of covid-19 guide lines
762,,
763,,
764,,
765,,
766,,
767,,
768,,
769,,
770,,
771,,
772,,
773,,
774,,
775,Somewhat,It is spreading widly
776,,
777,,
778,,
779,,
780,,
781,,
782,,
783,No,Beacuse iam staying with my parents.
784,Yes,Beacuse we told to stay alone.
785,,
786,,
787,,
788,,
789,Yes, Staying with my parents.
790,Yes,Beacuse it has no medicine.
791,,
792,,
793,,
794,,
795,,
796,,
797,,
798,Yes,Because staying at home without interacting with other is a disease
799,,
800,,
801,Yes,Sitting in one place is not good for health
802,,
803,,
804,,
805,,
806,,
807,,
808,Yes,Beacuse Covid-19 has no medicine.
809,,
810,Yes,Because of the interactions of people at home
811,No,Because of the few number of people at home
812,No,We r implementing all the measures put to prevent us from catching this COVID-19
813,No,Home is not crowded
814,,
815,,
816,,
817,,
818,No,No much interactions
819,No,"Because I feel safe at home, since I am not exposed to close contact with other people ."
820,,
821,,
822,No,Because  I feel safe at home. 
823,No,Because I feel safe at home 
824,No,Because I feel safe since other people are not near me.
825,,
826,,
827,Somewhat,I feels boredom
828,No,Because lam  safe at  home
829,No,Because l am safe at home
830,Yes,Because l don't  have radio at home l do listen in my neighbour huse
831,,
832,,
833,,
834,,
835,,
836,,
837,,
838,,
839,,
840,,
841,,
842,No,We take the measures mentioned by WHO
843,,
844,,
845,,
846,,
847,,
848,,
849,Yes,Because corona virus is dangerous.
850,,
851,,
852,,
853,,
854,Yes,Because I want to live
855,,
856,,
857,,
858,Yes,Infection by virus
859,Yes,Because I may lost my life if I am infected
860,,
861,,
862,No,No corona now
863,,
864,,
865,Yes,Because covid19
866,Yes,Because of covid-19
867,No,Because codiv- 19 is not in our area.
868,,
869,,
870,,
871,Yes,"When somebidy visit us, we have the fear"
872,No,Because we r keeping all the measures
873,No,Because i have not witness COVID-19 in Yambio
874,,
875,No,No one is found with this virus
876,,
877,No,No signs of COVID-19 in State
878,Yes,Because of the visitors coming home
879,Somewhat,The infection in non selective and universal which needs a lot of precautionary measures which is some times lacking.
880,,
881,No,Because l am protected at home
882,,
883,Yes,Because if the awareness being made
884,,
885,,
886,No,My state is safe from the deases
887,,
888,,
889,,
890,Yes,Due to danger of disease
891,No,Because life is the concern of God.
892,No,Because Iam far from the population
893,No,Self asolation
894,Yes,Washing hands with soap and water
895,No,We keep some distance from one another
896,No,Stay at home
897,Yes,Children loiter around aimlessly
898,Yes,Girls impregnated by men
899,,
900,,
901,,
902,,
903,,
904,,
905,,
906,,
907,,
908,Yes,Because of the disease and the time wasted at home
909,,
910,,
911,,
912,,
913,,
914,,
915,,
916,,
917,,
918,,
919,,
920,,
921,,
922,,
923,,
924,,
925,,
926,,
927,,
928,,
929,,
930,,
931,,
932,,
933,,
934,,
935,,
936,,
937,,
938,,
939,,
940,No,Am following up the preventive measure
941,No,Covid 19 is dangerous but can be protected
942,,
943,Yes,"Overcrowding at home.
"
944,Yes,Self isolation.
945,,
946,,
947,No,Isolation.
948,No,No overcrowding.
949,Somewhat,No direct lessons flowing
950,,
951,,
952,No,No because am protecting my self and my family
953,No,Because we do staying at home
954,No,Because we follow the instructions given by world health
955,No,Because your not incontact with any body
956,No,Hand hygiene was practice
957,,
958,,
959,Yes,I am not learning
960,Yes,No future without Education
961,No,Home is safe
962,,
963,,
964,,
965,,
966,,
967,,
968,,
969,,
970,,
971,,
972,,
973,,
974,,
975,,
976,,
977,,
978,,
979,,
980,,
981,,
982,,
983,,
984,,
985,,
986,,
987,,
988,,
989,,
990,,
991,,
992,No,Because I made sure I followed preventive measures
993,,
994,No,I didn't feel anything
995,,
996,,
997,,
998,No,Many disease have been there apart from coronas
999,Yes,It will attack me at my home 
1000,,
1001,Yes,He will be able to contract the diseases.
1002,,
1003,,
1004,,
1005,,
1006,,
1007,,
1008,,
1009,,
1010,,
1011,,
1012,,
1013,,
1014,,
1015,,
1016,,
1017,,
1018,,
1019,,
1020,,
1021,,
1022,,
1023,,
1024,,
1025,,
1026,,
1027,,
1028,,
1029,Yes,Because of infection
1030,Somewhat,Because of infection
1031,Yes,Because infection of covid-19
1032,Yes,Because of infection
1033,Yes,Because of fear
1034,,
1035,,
1036,,
1037,Yes,Because it kills people
1038,,
1039,,
1040,Yes,Covid_19 is dangerous 
1041,Yes,No cure 
1042,,
1043,,
1044,,
1045,,
1046,,
1047,No,because am at home of which am safe
1048,No,Because at home I feel free as I only concentrate on my books 
1049,,
1050,No,I am not worried because I am observing the preventive measures and my friends. 
1051,No,Because I feel safe. 
1052,,
1053,,
1054,,
1055,,
1056,Yes,Because if I get CORONA VIRUS I will get sick and I'll not be able do my work and sometimes it may kill me. 
1057,,
1058,No,Because I feel safe at home 
1059,,
1060,No,Because home is the best place for me during this time 
1061,Yes,Because it helps me to be sure of my safety 
1062,,
1063,,
1064,,
1065,,
1066,,
1067,,
1068,No,Because been at home is safe from covid 29
1069,,
1070,,
1071,,
1072,,
1073,,
1074,No,At home one is safe from covid 19
1075,,
1076,,
1077,,
1078,,
1079,,
1080,Yes,Fear of been infected with covid 19
1081,,
1082,Somewhat,Because it is a dangerous disease
1083,Somewhat,Because you don't know who has the virus
1084,Yes,Someone can bring it home since many people even relatives do come home.
1085,Somewhat,Because  you never know who has it
1086,Somewhat,You can't tell who has it
1087,Somewhat,Because this disease is deadly as we hear over the radio.
1088,Somewhat,You can get it from any one
1089,Somewhat,The virus is dangerous
1090,Somewhat,You can't tell who has it
1091,Somewhat,Corona is a killer disease
1092,Somewhat,Because it is a dangerous disease
1093,Somewhat,You can contract it easily by touching surfaces
1094,Somewhat,You can contract it from anywhere
1095,Somewhat,I don't know whether it is at home in the school 
1096,,
1097,Yes,Because covid-19 has caused a fearful stay and does not who have the disease or not.
1098,,
1099,No,Because I don't have contact with others 
1100,,
1101,Yes,Because some of the family members doesn't respect the protocols of COVID-19
1102,Yes,Because I don't see Covid-19 and who will bring it into my life
1103,No,Because I don't know coronavirus
1104,,
1105,,
1106,,
1107,,
1108,,
1109,,
1110,,
1111,,
1112,,
1113,,
1114,,
1115,,
1116,,
1117,,
1118,,
1119,,
1120,,
1121,Yes,So it is dangerous disease. A killer.
1122,,
1123,,
1124,,
1125,,
1126,,
1127,,
1128,,
1129,,
1130,,
1131,,
1132,,
1133,,
1134,No,Not worried because God is the protector
1135,No,Not prevailing in the area
1136,,
1137,,
1138,,
1139,,
1140,,
1141,,
1142,,
1143,,
1144,,
1145,,
1146,,
1147,,
1148,,
1149,,
1150,,
1151,,
1152,,
1153,,
1154,,
1155,,
1156,Yes,Because we need to go back to school
1157,Yes,Beacuas I am distance my self
1158,,
1159,,
1160,,
1161,,
1162,,
1163,,
1164,,
1165,,
1166,,
1167,,
1168,,
1169,,
1170,,
1171,,
1172,,
1173,,
1174,,
1175,,
1176,,
1177,,
1178,,
1179,,
1180,,
1181,,
1182,,
1183,,
1184,,
1185,,
1186,,
1187,,
1188,,
1189,,
1190,,
1191,,
1192,,
1193,,
1194,,
1195,,
1196,,
1197,,
1198,,
1199,,
1200,,
1201,,
1202,Yes,Because infection
1203,,
1204,,
1205,,
1206,,
1207,,
1208,,
1209,No,I am secure
1210,,
1211,No,Because I feel secured
1212,Yes,Because of infection
1213,,
1214,,
1215,,
1216,Yes,Because I worried of covid-19
1217,Somewhat,Not
1218,,
1219,,
1220,,
1221,,
1222,No,Because I am searching for the job
1223,,
1224,,
1225,,
1226,No,Being at home is safe
1227,,
1228,,
1229,,
1230,,
1231,No,It is safe
1232,,
1233,,
1234,,
1235,,
1236,,
1237,,
1238,No,When I stay at home is not good I want to come to school 
1239,No,Staying normally and not having contact with other people 
1240,Yes,To avoid covid_19 
1241,,
1242,,
1243,Yes,I didn't want infection from Corona virus
1244,,
1245,,
1246,,
1247,,
1248,,
1249,,
1250,,
1251,,
1252,,
1253,,
1254,No,Because I am lessly associated with people who can infected me with Corona virus
1255,Yes,Because Corona virus is pendamic
1256,,
1257,,
1258,,
1259,Yes,Because some I move to market and other public places
1260,Yes,Because I usually move to public place
1261,,
1262,,
1263,No,Because of overcrowd
1264,,
1265,,
1266,No,Calendar have gone
1267,,
1268,No,Because Iam not in public places
1269,Yes,Because we are. Exposed
1270,Somewhat,Studies not going well
1271,,
1272,No,Home is quite safe than in public
1273,,
1274,,
1275,,
1276,,
1277,,
1278,,
1279,,
1280,,
1281,,
1282,,
1283,,
1284,Yes,To avoid getting in touch 
1285,,
1286,Yes,I used to be at school but now am off 
1287,,
1288,,
1289,,
1290,,
1291,,
1292,,
1293,,
1294,,
1295,,
1296,,
1297,,
1298,,
1299,,
1300,,
1301,,
1302,,
1303,,
1304,Yes,Epidemic
1305,,
1306,,
1307,,
1308,,
1309,,
1310,,
1311,,
1312,,
1313,,
1314,,
1315,,
1316,,
1317,,
1318,,
1319,,
1320,,
1321,,
1322,,
1323,,
1324,,
1325,No,because  I feet  safe  at home 
1326,,
1327,,
1328,,
1329,,
1330,,
1331,,
1332,,
1333,,
1334,No,I am  study at home.   I should  not worry. 
1335,,
1336,,
1337,,
1338,,
1339,,
1340,,
1341,,
1342,Yes,Because I miss my lesson
1343,,
1344,,
1345,,
1346,,
1347,,
1348,,
1349,,
1350,,
1351,,
1352,,
1353,,
1354,Yes,Coran viruses
1355,,
1356,,
1357,,
1358,,
1359,,
1360,,
1361,,
1362,,
1363,,
1364,,
1365,,
1366,,
1367,,
1368,,
1369,,
1370,,
1371,,
1372,,
1373,,
1374,,
1375,,
1376,,
1377,,
1378,,
1379,,
1380,Yes,Because I am just staying
1381,Yes,I'm worried of Covid-19
1382,,
1383,Yes,When I am in crowded place
1384,,
1385,,
1386,,
1387,,
1388,,
1389,,
1390,,
1391,,
1392,,
1393,No,Because I used mouth mask
1394,Yes,Because of covid-19
1395,,
1396,Yes,Because the school has delayed
1397,,
1398,,
1399,,
1400,,
1401,,
1402,,
1403,,
1404,Yes,Because of the movements of people at home
1405,,
1406,,
1407,No,No signs of COVID-19 in my state
1408,Yes,It can easily spread to one other
1409,,
1410,,
1411,,
1412,,
1413,,
1414,,
1415,,
1416,,
1417,No,Because God is my protector
1418,Yes,Because of the movements of people at home
1419,No,I trust in God
1420,,
1421,Yes,Beacuse cronavirus has no medicine.
1422,,
1423,,
1424,,
1425,,
1426,,
1427,,
1428,,
1429,Yes,Beacuse the pandemic has no medicine.
1430,,
1431,,
1432,Yes,Because I am staying idol
1433,,
1434,Yes,Because there will be protective measures in school
1435,No,Because cause of covid 19 reduce
1436,Yes,It needs alot of participation 
1437,Yes,School closed and bored at home 
1438,No,I don't know
1439,No,I am safely at home 
1440,,
1441,,
1442,,
1443,,
1444,,
1445,Yes,Because this is communicable disease 
1446,,
1447,Yes,Because this sickness have no medicine yet 
1448,Yes,Because they say it can easily kill 
1449,,
1450,,
1451,,
1452,,
1453,,
1454,,
1455,Yes,Because I maybe effect With disease.
1456,No,No
1457,,
1458,No,Because am safe at home
1459,No,Am safe at home
1460,No,Because stay at home stay safe
1461,No,Because am safe at home
1462,No,Because am safe at home 
1463,No,Because am safe at home
1464,No,Because safe at home
1465,No,Because stay at home is stay at home
1466,No,Because stay at home is stay safe
1467,No,Because stay at home stay safe
1468,No,Because it's safe when you are at home
1469,,
1470,Yes,Because safe at home 
1471,,
1472,,
1473,Yes,It is very dangerous virus 
1474,No,Because  am safe when am at home
1475,No,Because am safe at home 
1476,No,Because stay home stay safe
1477,No,Because stay at home is stay safe
1478,No,Because am safe at home
1479,No,Because am safe at home
1480,No,Because stay at home stay safe
1481,,
1482,No,Because the said stay home stay safe
1483,,
1484,,
1485,No,Getting radio is haerd
1486,No,Because stay home stay safe
1487,,
1488,,
1489,,
1490,,
1491,,
1492,,
1493,,
1494,,
1495,No,No
1496,,
1497,,
1498,Yes,Because Corona is too dangerous 
1499,,
1500,,
1501,,
1502,,
1503,,
1504,,
1505,,
1506,,
1507,,
1508,Yes,Because of corona virus 
1509,No,Because am safe at home
1510,,
1511,,
1512,,
1513,,
1514,Yes,Because corona virus effects human life
1515,Yes,Because of corana virus
1516,,
1517,,
1518,Yes,Because it's bad sickness 
1519,,
1520,,
1521,,
1522,,
1523,,
1524,,
1525,,
1526,,
1527,,
1528,,
1529,,
1530,,
1531,,
1532,,
1533,,
1534,Yes,Because of Cov-19
1535,Yes,Because of Cov-19
1536,Yes,Because of cov-19
1537,Yes,Because of covid-19
1538,Yes,Because of COVID-19
1539,Yes,Because of corona virus
1540,Yes,Because of corona virus
1541,Yes,Because corona virus
1542,Yes,Because of covid 19
1543,Yes,Because of corona virus
1544,Yes,Because its dangerous
1545,,
1546,,
1547,,
1548,,
1549,,
1550,,
1551,,
1552,,
1553,,
1554,,
1555,No,Because I'm at home
1556,,
1557,,
1558,,
1559,,
1560,,
1561,,
1562,,
1563,,
1564,Yes,I followed all the measure
1565,,
1566,Yes,I am worried 
1567,,
1568,,
1569,,
1570,,
1571,No,Because I followed the preventive measures
1572,,
1573,,
1574,Yes,Because of outbreak of covid- 19
1575,,
1576,,
1577,No,I don't know 
1578,,
1579,,
1580,,
1581,,
1582,,
1583,,
1584,,
1585,,
1586,,
1587,,
1588,,
1589,No,Because staying at home is safe
1590,,
1591,,
1592,,
1593,,
1594,,
1595,,
1596,,
1597,,
1598,,
1599,,
1600,,
1601,,
1602,,
1603,,
1604,,
1605,,
1606,,
1607,,
1608,,
1609,,
1610,,
1611,,
1612,,
1613,Yes,Because the school are not functioning
1614,Yes,I want to stay healthy 
1615,Yes,Because I can study well when Am healthy 
1616,,
1617,Yes,Because I can study very well
1618,,
1619,Yes,"Because I don,t want to be infected by any disease "
1620,Yes,Because to study 
1621,Yes,Because I can study well
1622,,
1623,Yes,Because I do not want to be infected by corona virus 
1624,Yes,Because I do not want to disease 
1625,Yes,Because I want to be healthy so that i feed my family 
1626,,
1627,,
1628,,
1629,,
1630,,
1631,,
1632,,
1633,,
1634,,
1635,,
1636,,
1637,,
1638,,
1639,,
1640,,
1641,,
1642,,
1643,,
1644,,
1645,,
1646,,
1647,,
1648,,
1649,,
1650,,
1651,,
1652,,
1653,,
1654,Yes,Due to the covid19 pandemics
1655,,
1656,,
1657,,
1658,,
1659,,
1660,,
1661,,
1662,,
1663,,
1664,No,Because I'm at my own home
1665,,
1666,,
1667,,
1668,,
1669,,
1670,No,Due to covid19 pandemics
1671,,
1672,,
1673,,
1674,,
1675,,
1676,,
1677,,
1678,,
1679,,
1680,,
1681,,
1682,No,Because I am safe at home
1683,,
1684,,
1685,,
1686,,
1687,,
1688,,
1689,,
1690,Yes,Because other people who come to our home might bring the VIRUS to our home 
1691,,
1692,,
1693,Yes,Because other people who come home may bring the disease and I get infected 
1694,Yes,Because infection
1695,,
1696,,
1697,,
1698,,
1699,,
1700,,
1701,,
1702,,
1703,,
1704,,
1705,,
1706,,
1707,,
1708,,
1709,,
1710,,
1711,,
1712,,
1713,,
1714,,
1715,Yes,Because COVID19 is a deadly disease
1716,Yes,The disease is everywhere
1717,Yes,I am worried because the lockdown has stopped very many activities
1718,,
1719,,
1720,,
1721,,
1722,,
1723,Yes,It can affect me in the house because it is an air Born disease
1724,,
1725,,
1726,,
1727,,
1728,,
1729,,
1730,,
1731,,
1732,,
1733,,
1734,,
1735,,
1736,,
1737,,
1738,,
1739,,
1740,,
1741,,
1742,,
1743,,
1744,,
1745,,
1746,,
1747,,
1748,,
1749,,
1750,,
1751,,
1752,,
1753,,
1754,,
1755,,
1756,,
1757,,
1758,,
1759,,
1760,,
1761,,
1762,,
1763,,
1764,,
1765,,
1766,,
1767,,
1768,,
1769,,
1770,,
1771,,
1772,,
1773,,
1774,,
1775,,
1776,,
1777,,
1778,,
1779,,
1780,,
1781,,
1782,,
1783,,
1784,No,I am following the instructions
1785,,
1786,,
1787,No,To avoid contact
1788,,
1789,,
1790,No,To avoid contact
1791,,
1792,,
1793,,
1794,,
1795,,
1796,,
1797,No,Am safe at home
1798,,
1799,Yes,Not happy at home
1800,No,Because am practicing COVID_19 key messages.
1801,,
1802,,
1803,,
1804,,
1805,,
1806,,
1807,,
1808,Yes,Staying at home is a problems 
1809,,
1810,,
1811,,
1812,,
1813,,
1814,,
1815,,
1816,No,Because I don't think it will affect me at home
1817,,
1818,,
1819,,
1820,,
1821,,
1822,Yes,Because I am missing a lot of things to be done in school
1823,,
1824,,
1825,Yes,I am not sure if it is safe at home because the disease is everywhere
1826,Yes,The disease is everywhere even at home
1827,,
1828,,
1829,,
1830,,
1831,,
1832,Yes,I am missing a lot of things that are supposed to be given in the school
1833,Yes,It is a deadly disease
1834,No,Because I am safe
1835,Yes,I am missing a lot of things
1836,No,We follow prevention measures
1837,Somewhat,Safe environment is here
1838,,
1839,No,Home is safer
1840,No,Home is safer
1841,No,Home is safe
1842,Somewhat,No granteer
1843,Yes,No worries
1844,,
1845,No,Home is safe
1846,Yes,I'm safe
1847,Yes,Visitors convey the disease
1848,Yes,We are safe at home
1849,Somewhat,Home is safe with measures
1850,No,I feel dafe
1851,Yes,I am missing a lot of things done in schools
1852,,
1853,,
1854,Yes,I am missing a lot of things
1855,Yes,I am missing a lot of things which are supposed to done in schools
1856,Yes,I am missing a lot of things which are supposed to be done in the school
1857,No,Home is safe
1858,,
1859,,
1860,,
1861,,
1862,,
1863,Yes,Safety isn't grantee
1864,Yes,No Corona-virus
1865,No,I normally don't have contact with other people and am always in isolation.
1866,Yes,I feel insecure while sitting together with other people.
1867,No,Because I don't like staying where people gather.
1868,Yes,Because of CoVID 19 infection among people.
1869,Yes,Because of CoVID 19 infection.
1870,,
1871,Yes,In case if someone infected come to us at home may infect us also
1872,No,Because I am following preventive measures
1873,No,Because we protect ourselves
1874,No,Because I don't interact with people
1875,,
1876,,
1877,,
1878,,
1879,,
1880,,
1881,,
1882,,
1883,,
1884,,
1885,,
1886,,
1887,,
1888,,
1889,Yes,Because of learning at home is not enough like school
1890,Yes,Because it can affect me
1891,Yes,I fear covid 19
1892,Yes,Because I need more explanation from the text an using
1893,Yes,Safety of my life
1894,Yes,Because of covid 19
1895,Yes,Because of covid 19
1896,,
1897,,
1898,,
1899,,
1900,,
1901,,
1902,,
1903,,
1904,Yes,Because i want to live long
1905,Yes,I fear covid 19
1906,Yes,I fear covid 19
1907,Yes,Because covid 19 is dangerous
1908,Yes,Because of lockdown
1909,,
1910,,
1911,,
1912,Somewhat,No granteer
1913,,
1914,,
1915,,
1916,,
1917,,
1918,,
1919,,
1920,,
1921,,
1922,,
1923,,
1924,,
1925,,
1926,,
1927,,
1928,,
1929,,
1930,,
1931,,
1932,,
1933,,
1934,,
1935,,
1936,Yes,Covid-19 is a terrible which can not be control
1937,,
1938,Yes,Because I am fearing infection
1939,,
1940,,
1941,No,My children are safe
1942,Yes,Because of infection of CoVID 19.
1943,Yes,Because of CoVID 19 infection.
1944,Yes,Because of its infection among other people to visit us.
1945,Yes,Because of CoVID 19 infection.
1946,,
1947,,
1948,Yes,Because of sickness
1949,,
1950,,
1951,Yes,Because of the pandemic
1952,Yes,Because of the pandemic
1953,No,I am safe at home but worried about my studies
1954,Yes,Because of the pandemic
1955,Yes,Because of covid-19
1956,No,Because I am keeping social distancing
1957,Somewhat,I'm not sure
1958,Yes,Because of the pandemic
1959,Yes,Because the pandemic
1960,,
1961,Yes,Because of the COVID19 pandemic
1962,Yes,Because of the pandemic
1963,Yes,To stop the spread of the disease among learners
1964,,
1965,,
1966,,
1967,,
1968,,
1969,,
1970,Yes,Because learners might not participate actively in the lesson
1971,Yes,Because Corona can kill
1972,,
1973,,
1974,,
1975,Yes,Corona has stopped all our activities
1976,Yes,By this virus can kill
1977,,
1978,,
1979,,
1980,Yes,Many activities have stopped due to covids
1981,,
1982,Somewhat,Afraid of the virus
1983,,
1984,No,I'm staying a lone.
1985,,
1986,Yes,Because of the pandemic
1987,,
1988,No,Because Iam seperate from public
1989,,
1990,Yes,The pandemic is everywhere
1991,,
1992,,
1993,,
1994,,
1995,,
1996,,
1997,,
1998,,
1999,,
2000,,
2001,,
2002,,
2003,,
2004,,
2005,,
2006,,
2007,,
2008,,
2009,,
2010,,
2011,,
2012,,
2013,,
2014,,
2015,,
2016,,
2017,,
2018,Yes,Because there is no interaction with Learners
2019,,
2020,,
2021,,
2022,,
2023,,
2024,No,because  am alone  at home  
2025,,
2026,Yes,I am not sure if the pandemic will get finished
2027,,
2028,,
2029,,
2030,,
2031,Yes,Because of the pandemic
2032,Yes,Because of the pandemic
2033,Yes,People say there is Corona-virus
2034,,
2035,,
2036,,
2037,,
2038,,
2039,,
2040,,
2041,No,Alot of home work at home. Better at school
2042,Yes,Sometimes my place get congested that can bring worries
2043,,
2044,,
2045,,
2046,Yes,Schools do orders some furnitures covid had affected lives 
2047,,
2048,Yes,Since the covid started teachers became iddle and life is hard for survival
2049,No,I have access to my radio learning
2050,,
2051,,
2052,,
2053,,
2054,,
2055,,
2056,No,Afraid of covid
2057,Yes,Lessons at home is not like at schools 
2058,Yes,At home without work and my children without schools 
2059,Yes,Becouse I am at home and everyone is at home
2060,Yes,During the school time my time was organized but now is disorganized 
2061,,
2062,,
2063,Yes,No schools is useless
2064,Yes,Because Schools were closed.
2065,No,Becouse I am staying at home 
2066,No,To safe my health 
2067,Yes,Because it delay studies.
2068,,
2069,Yes,Because he is missing his studies and even the presence of teachers.
2070,Yes,Missing studying together with friends due to COVD19.
2071,No,Since staying in ine place is not feeling me comfortable 
2072,,
2073,Yes,Because Schools were closed.
2074,,
2075,Yes,My children future is unknown now as Schools are closed.
2076,,
2077,,
2078,Yes,Because she is uncertain of her children future.
2079,,
2080,Yes,Because of the pandemic
2081,Yes,Because of the pandemic
2082,Yes,Because of the pandemic
2083,Yes,Because of the pandemic
2084,Yes,Because of the pandemic
2085,Yes,Because of the pandemic
2086,Yes,No granteer
2087,,
2088,,
2089,Yes,We know there is a disease
2090,No,There is no health thread
2091,Yes,Because of covoid-19 disease
2092,,
2093,No,No worries because we observe the measures
2094,Yes,Because of the pandemic
2095,Yes,Because of the pandemic
2096,,
2097,,
2098,,
2099,,
2100,,
2101,,
2102,,
2103,,
2104,,
2105,,
2106,,
2107,,
2108,,
2109,,
2110,,
2111,,
2112,,
2113,,
2114,,
2115,,
2116,,
2117,,
2118,,
2119,,
2120,,
2121,,
2122,,
2123,Yes,Because i fear it
2124,,
2125,Yes,Because we have no health facility
2126,,
2127,Yes,Because no good hospital
2128,Yes,Because no work no school
2129,Yes,Because lot not enough
2130,Yes,Am not getting enough knowledge
2131,Yes,Because no school
2132,Yes,What i learn not enough
2133,Yes,Because no school
2134,Yes,Because no school
2135,Yes,Because i don't get enough knowledge
2136,Yes,Because no school
2137,Yes,Because what i get not like school
2138,Yes,Because no school
2139,Yes,Because I want to study well
2140,,
2141,Yes,Because Am fearing corona virus 
2142,Yes,Because I want to be infected by any diseases 
2143,Yes,Because I do not want this infected by corona virus
2144,Yes,Because  I do not want covid 19
2145,Yes,Because I do not want to be infected by corona virus
2146,Yes,Because corona virus will not affect
2147,,
2148,,
2149,Yes,I do not want to be infected by any disease 
2150,Yes,Because I want live 
2151,Yes,Because I want to study peacefully
2152,Yes,Because I want live 
2153,Yes, Because to want live 
2154,Yes, I want t live
2155,Yes,Because I want to live 
2156,Yes,Because I want to live 
2157,Yes,Because to learn more 
2158,Yes,I want to live 
2159,Yes,Because I want to live 
2160,,
2161,Yes,I want to live 
2162,Yes,Best ng healthy is good 
2163,Yes,Is better to be healthy 
2164,Yes,Because to study well
2165,Yes,Because I want to live 
2166,,
2167,,
2168,,
2169,Yes,Because I want to be healthy
2170,Yes,Because I can able to teaches 
2171,Yes,Because  want to live 
2172,Yes,Because I want to be healthy 
2173,Yes,Because I want to live 
2174,Yes,Because I want to live
2175,Yes,Because I want to live 
2176,Yes,Because I want to live 
2177,Yes,I want to live 
2178,Yes,Because i want to live 
2179,,
2180,,
2181,,
2182,,
2183,Somewhat,Because I have distanced myself from other
2184,,
2185,Yes,Because all the schools are being closed
2186,,
2187,,
2188,,
2189,,
2190,,
2191,,
2192,Yes,Because of Corona vrus
2193,,
2194,,
2195,,
2196,,
2197,,
2198,,
2199,,
2200,,
2201,,
2202,,
2203,,
2204,,
2205,,
2206,,
2207,,
2208,,
2209,,
2210,,
2211,,
2212,,
2213,,
2214,,
2215,,
2216,,
2217,,
2218,,
2219,,
2220,,
2221,,
2222,,
2223,,
2224,,
2225,,
2226,,
2227,,
2228,,
2229,,
2230,,
2231,,
2232,,
2233,,
2234,,
2235,,
2236,,
2237,,
2238,,
2239,,
2240,,
2241,,
2242,,
2243,,
2244,,
2245,,
2246,,
2247,,
2248,,
2249,,
2250,,
2251,,
2252,,
2253,,
2254,,
2255,,
2256,,
2257,,
2258,,
2259,,
2260,,
2261,,
2262,,
2263,,
2264,,
2265,,
2266,,
2267,,
2268,,
2269,,
2270,,
2271,,
2272,,
2273,,
2274,,
2275,No,No confirmed cases in my payam
2276,,
2277,,
2278,,
2279,,
2280,,
2281,,
2282,,
2283,,
2284,,
2285,,
2286,,
2287,,
2288,,
2289,,
2290,,
2291,,
2292,,
2293,,
2294,,
2295,,
2296,,
2297,,
2298,,
2299,,
2300,,
2301,,
2302,,
2303,,
2304,,
2305,,
2306,,
2307,,
2308,,
2309,,
2310,,
2311,,
2312,,
2313,,
2314,,
2315,,
2316,,
2317,,
2318,,
2319,Yes,Because of the pandemic
2320,,
2321,,
2322,,
2323,,
2324,,
2325,,
2326,,
2327,,
2328,,
2329,,
2330,,
2331,,
2332,,
2333,,
2334,,
2335,,
2336,,
2337,,
2338,,
2339,,
2340,,
2341,,
2342,,
2343,,
2344,,
2345,,
2346,,
2347,,
2348,,
2349,,
2350,,
2351,,
2352,Yes,Am worried of the diseas
2353,,
2354,,
2355,,
2356,No,"Because am confine ,cann,t move so o knew am control"
2357,,
2358,Somewhat,Am worried of the diseas
2359,Yes,Because of the sickness and that is why the schools ate closed down.
2360,,
2361,,
2362,Somewhat,Because of diseas
2363,,
2364,Yes,Because of covid 19 disease we are affraid since our school is lacking more things
2365,,
2366,,
2367,,
2368,Yes,Am worried of time wastedand disease
2369,Yes,Am affraid that the disease will kill people
2370,,
2371,,
2372,,
2373,Yes,Am worried that it will kill poeple
2374,,
2375,Yes,Death
2376,,
2377,,
2378,Yes,Because is death we are always worried
2379,,
2380,,
2381,,
2382,,
2383,,
2384,,
2385,,
2386,,
2387,,
2388,,
2389,,
2390,,
2391,,
2392,,
2393,,
2394,,
2395,,
2396,,
2397,,
2398,,
2399,,
2400,,
2401,,
2402,,
2403,,
2404,,
2405,,
2406,,
2407,,
2408,,
2409,,
2410,,
2411,,
2412,,
2413,,
2414,,
2415,,
2416,Yes,I thought schools might not open again
2417,,
2418,,
2419,,
2420,,
2421,,
2422,,
2423,,
2424,,
2425,,
2426,Yes,Because of social distancing
2427,,
2428,Yes,Because of social distancing
2429,Yes,Someone may come with virus and get in contact with me.
2430,,
2431,,
2432,,
2433,,
2434,,
2435,,
2436,,
2437,,
2438,,
2439,No,I put measures of protection in place
2440,Yes,Because of pandemic
2441,,
2442,No,Put in the hand of God
2443,,
2444,,
2445,,
2446,,
2447,,
2448,,
2449,Yes,Study during covid 19 is not like normal school
2450,,
2451,,
2452,,
2453,,
2454,,
2455,,
2456,,
2457,,
2458,,
2459,,
2460,,
2461,,
2462,,
2463,,
2464,,
2465,,
2466,,
2467,,
2468,,
2469,,
2470,,
2471,,
2472,,
2473,,
2474,,
2475,No,No schools
2476,No,Iam alone
2477,,
2478,,
2479,,
2480,No,Social distance at home is ok not like the one in the school.
2481,Yes,We have apace at home
2482,No,Because am at home
2483,,
2484,No,At home social distance good
2485,Yes,Am safe at home
2486,No,At home social distance is good
2487,,
2488,No,At home am safe
2489,,
2490,,
2491,No,No one has contracted with Civic 19
2492,No,I observe social distancing 
2493,No,My immediate family members are Covid- 19 free currently 
2494,,
2495,,
2496,,
2497,,
2498,,
2499,No,Following preventive measures
2500,,
2501,Yes,Because staying at home with out interacting with others is not good
2502,,
2503,,
2504,,
2505,,
2506,,
2507,,
2508,Yes,Because I want to live 
2509,,
2510,,
2511,Yes,Because I can study well 
2512,,
2513,,
2514,Yes,Only to live 
2515,,
2516,,
2517,Yes,Because I want to live 
2518,,
2519,No,I don't feel worried totally about being studying at home
2520,Yes,I want to educate well 
2521,,
2522,,
2523,Yes,I want to learn 
2524,,
2525,,
2526,,
2527,Yes,Only to live 
2528,Yes,Because I want learn 
2529,Yes,Because I want to live 
2530,Yes,Because being healthy is good
2531,,
2532,Yes,"Because I don't, want to get weak "
2533,Yes,Because being healthy is very important 
2534,Yes,To live long 
2535,Yes,Because my healthy is good 
2536,Yes,Because school close
2537,Yes,School shut down
2538,Yes,Because no school
2539,Yes,Lockdown
2540,Yes,Lockdown
2541,Yes,Because all things i use to do stop
2542,Yes,Lockdown
2543,Yes,Yes because of lockdown
2544,Yes,Because am at home
2545,Yes,Because no school
2546,Yes,Because no good hospital in the area
2547,Yes,Because of the disease
2548,Yes,I put face mask
2549,Yes,Because it affects me
2550,Yes,I need my Health to be safe
2551,No,Frequent practice of washing hands will prevent coronas that is why am not worry
2552,,
2553,,
2554,,
2555,No,We observe health measures
2556,,
2557,,
2558,,
2559,No,Because covid 19 is not in Yei.
2560,,
2561,,
2562,Yes,Because one can not discuss with friends and even not go to school.
2563,,
2564,,
2565,Yes,Because aIam losing a lot.
2566,No,Because I have not heard of coronavirus in Yei.
2567,,
2568,,
2569,,
2570,,
2571,No,Because at home I don't come into contact with other people.
2572,No,Because there no people who come to our home during the period of coronavirus.
2573,,
2574,,
2575,,
2576,Yes,Lack of food and money to take care of myself during the season of covid 19.
2577,,
2578,No,Because at home am alone and don't come into contact with us.
2579,,
2580,Yes,Because with the lockdown there is no way to get money for treatment and feeding.
2581,,
2582,No,Because I am safe and secured while at home.
2583,No,Because I don't interact with other people from out side.
2584,No,Because I don't interact with other people and therefore consistently adhere to the preventive measures .
2585,,
2586,Yes,There are very many challenges while at home
2587,No,I have my notes and I follow the radio learning
2588,,
2589,,
2590,,
2591,No,I have learnt from people how to prevent myself from coronas virus.
2592,No,Because she stay with power of God 
2593,No,She has no physical seen someone died of coronas that is why she is not worry of
2594,Yes,Corona virus
2595,,
2596,,
2597,,
2598,,
2599,,
2600,,
2601,,
2602,Yes,Corona virus
2603,,
2604,,
2605,,
2606,,
2607,,
2608,,
2609,,
2610,,
2611,,
2612,,
2613,,
2614,,
2615,,
2616,,
2617,,
2618,,
2619,,
2620,,
2621,,
2622,No,Stay at home with parents is safe
2623,,
2624,,
2625,,
2626,,
2627,,
2628,,
2629,,
2630,,
2631,,
2632,,
2633,,
2634,,
2635,,
2636,,
2637,,
2638,,
2639,,
2640,,
2641,,
2642,,
2643,,
2644,,
2645,,
2646,,
2647,,
2648,,
2649,,
2650,,
2651,,
2652,,
2653,,
2654,,
2655,,
2656,,
2657,,
2658,,
2659,Yes,It's due covid-19 pandemic
2660,,
2661,No,Because we stay while observing distancing
2662,No,Because I am staying with my family members
2663,,
2664,Yes,I am worried about the disease because it doesn't have a vaccine
2665,Yes,I am worried because this disease is deadly and have no vaccine
2666,,
2667,Yes,I am worried because anyone nay bring disease at home
2668,No,Because I am safe in my house
2669,,
2670,Yes,Iam worried because if i greet some one I feel as if I may contract the disease to the rest of the family members
2671,No,Because I do stay at home with my parents.
2672,,
2673,,
2674,,
2675,Yes,I am worried because of the disease
2676,No,Iam not worried because Iam mixing up with other people
2677,Yes,Because of the disease
2678,,
2679,,
2680,,
2681,,
2682,,
2683,Yes,Covid 19 is transmitted through greeting
2684,Yes,Went I get out I may contract Covid 19
2685,No,I believed in God for protection
2686,No,Am aware of covid 19 protection measures
2687,,
2688,No,No covid 19 
2689,,
2690,No,I don't think it exist
2691,Yes,Covid 19 spread on air 
2692,No,I don't get because it has not affected my
2693,No,I known how protect my self
2694,,
2695,Yes,Mental illnesses may developed due to studying alone
2696,Yes,I fear being affected by covid 19
2697,Yes,Fear of being infected
2698,,
2699,,
2700,Yes,Fear of getting Covid 19 as I listen to radio lesson
2701,Yes,Fear Covid 19
2702,Yes,Because of flood that may causes illnesses
2703,Yes,It is dangerous
2704,,
2705,,
2706,,
2707,,
2708,,
2709,Yes,It is dangerous
2710,,
2711,,
2712,,
2713,,
2714,,
2715,,
2716,,
2717,,
2718,,
2719,,
2720,,
2721,,
2722,,
2723,,
2724,,
2725,,
2726,,
2727,Yes,It is dangerous
2728,Yes,It is serious
2729,,
2730,,
2731,,
2732,,
2733,,
2734,,
2735,,
2736,Yes,Because Corona virus is a killer disease
2737,,
2738,,
2739,,
2740,,
2741,,
2742,,
2743,,
2744,,
2745,,
2746,Yes,Because children lose Hope on studies and no longer hear parents advise.
2747,Yes,Because children are no longer staying at home and you don't know what they are doing.
2748,Yes,One will be affected with Corona.
2749,,
2750,Yes,One will contract the virous.
2751,Yes,Because I fearing over crowded place
2752,,
2753,,
2754,No,I am not worried because it has not been here and also I followed the protective measures
2755,No,No body will come and spread the disease in my own house
2756,Yes,Infected person may come and spread the disease 
2757,,
2758,No,I'm safe
2759,,
2760,,
2761,Yes,No granteer safety measures
2762,Yes,We use safety measures for protection
2763,No,I think being at home reduces the chance of disease spreading very fast
2764,,
2765,Somewhat,There is no health granteer
2766,,
2767,No,I consider home as safe
2768,,
2769,,
2770,,
2771,Yes,I fear infection
2772,Yes,I fear infection
2773,,
2774,No,He is aware of preventive measure by washing regular Hans with soaps 
2775,No,She is already aware of preventive measures
2776,No,Becouse I am avoiding physical contact 
2777,No,I am safe at home
2778,Yes,Spread of the disease from one person to another 
2779,,
2780,,
2781,Yes,Situations 
2782,,
2783,Yes,To be safe 
2784,,
2785,,
2786,Yes,Closure of the schools 
2787,,
2788,No,Is just like any other diseases so there is no need to worry about
2789,Yes,Because coronas always spread from one person to another
2790,Yes,Because it can affect me and my family if no precaution is taken
2791,Yes,Because this is a sickness that kills people 
2792,,
2793,,
2794,Yes,Because coronas can kill and spread faster 
2795,Yes,Because it spread quickly and kills people in shortest time
2796,,
2797,,
2798,,
2799,Yes,Because of lockdown
2800,Yes,Because i don't want disease to affect me
2801,Yes,So that all people should protect them selves from the disease
2802,Yes,Because no school
2803,Yes,So that i can protect my self
2804,Yes,Because it can not affect me
2805,Yes,Because if don't follow preventive measures he will simply affect by disease
2806,Yes,Because all institution close
2807,Yes,Because it can affect me
2808,,
2809,Yes,Because of lockdown
2810,Yes,I worried so much because no hospital here
2811,No,Because I don't know weather this is exactly existing
2812,No,Because of the social distance
2813,,
2814,,
2815,,
2816,,
2817,,
2818,,
2819,,
2820,,
2821,,
2822,,
2823,,
2824,,
2825,,
2826,,
2827,,
2828,,
2829,,
2830,,
2831,Yes,At home am safe
2832,No,Am safe at home
2833,No,At home am safe
2834,,
2835,No,Social distance at home is not bad
2836,No,At home situation is good no croud
2837,,
2838,,
2839,,
2840,,
2841,,
2842,,
2843,,
2844,,
2845,,
2846,,
2847,,
2848,,
2849,,
2850,,
2851,,
2852,Yes,Because am fear of out break of covid-19
2853,No,Because am alone at am home 
2854,,
2855,,
2856,,
2857,,
2858,Yes,Because it's killer disease
2859,Yes,Because of safety health 
2860,,
2861,Yes,Because fear of covid-19 
2862,Yes,Because of covid-19 virus 
2863,Yes,Because of covid-19 virus
2864,Yes,Because of covid-19
2865,,
2866,,
2867,,
2868,,
2869,,
2870,,
2871,,
2872,,
2873,,
2874,Yes,Because it kills 
2875,Yes,I wants to be safe
2876,Somewhat,Because I'm staying in the bush far away from the town
2877,,
2878,,
2879,Yes,I don't wants to contract the virus
2880,Yes,Because is bad virus which can be contracted from one person to another
2881,,
2882,,
2883,,
2884,Yes,The virus is dangerous
2885,Yes,Because I am worried of infection
2886,,
2887,,
2888,Yes,Because it has closed the schools
2889,,
2890,Somewhat,At home
2891,Yes,Because I have take care of my health
2892,,
2893,,
2894,,
2895,,
2896,,
2897,Somewhat,Because am not sure if Covid-19 is in South Sudan
2898,,
2899,,
2900,,
2901,,
2902,,
2903,,
2904,,
2905,,
2906,,
2907,,
2908,,
2909,,
2910,,
2911,,
2912,,
2913,,
2914,,
2915,,
2916,,
2917,,
2918,,
2919,,
2920,Yes,Because it is frustrated
2921,Somewhat,I am not practice to that 
2922,Yes,"No competition among them due 
 the different level "
2923,,
2924,,
2925,,
2926,,
2927,,
2928,,
2929,,
2930,Yes,I am worried of covid-19
2931,,
2932,,
2933,,
2934,,
2935,,
2936,,
2937,,
2938,,
2939,Yes,I want to learn 
2940,Yes,Because being healthy is very important 
2941,Yes,Because being healthy is good 
2942,,
2943,,
2944,,
2945,,
2946,,
2947,,
2948,Yes,Because I fear corona virus 
2949,,
2950,Yes,I fear corona virus 
2951,Yes,I fear corona virus 
2952,,
2953,,
2954,,
2955,,
2956,,
2957,,
2958,,
2959,,
2960,,
2961,,
2962,Yes,Frustrated
2963,Yes,I want to be healthy 
2964,,
2965,,
2966,,
2967,Yes,Iam worried because some time I may have contact with other people and forget to wash my hands
2968,No,Because Iam staying with my parents
2969,,
2970,,
2971,,
2972,Yes,Home is some time not safe
2973,Yes,Because the disease have cure
2974,,
2975,,
2976,,
2977,,
2978,Yes,Because some time you stay with people whom you don't Know their status.
2979,,
2980,,
2981,No,There is no more congestion at home
2982,Yes,Because of Crowd some times
2983,,
2984,,
2985,,
2986,,
2987,,
2988,,
2989,Yes,I want to be safe from covid 19
2990,,
2991,Yes,At first time of covid 19 was new thus created worry
2992,Yes,Fear get infected by covid 19
2993,Yes,Fear being infected by covid 19
2994,Yes,Fear infection covid 19
2995,No,No need to worry
2996,Yes,Fear of getting infected
2997,No,It seems like there's no covid 19 disease
2998,Yes,Coronavirus is real and it can kill people.
2999,Yes,Coronavirus is real and it can kill
3000,No,Because there are no people around me during my radio lessons.
3001,No, I feel safe went I am at home
3002,Yes,Because I am fearing infection 
3003,,
3004,Somewhat,"There is no way because everything is closed,staying idle is tiredsome"
3005,,
3006,No,There is no fear
3007,No,There is no worry
3008,No,Am safe at home
3009,,
3010,,
3011,,
3012,,
3013,No,There is no worry
3014,No,I protect my self from public gathering
3015,,
3016,,
3017,No,Because am safe at home since there is no public gathering
3018,No,"The only problem is that schools are closed,other wise each and everyone has their day"
3019,,
3020,No,Because I usually used to put my mouse-_masks and carrying hand_sanitizer
3021,No,Being at home is safe
3022,No,Am not worried
3023,,
3024,,
3025,,
3026,No,Am protecting myself at home
3027,Somewhat,Yes because there are still public gatherings
3028,,
3029,,
3030,,
3031,,
3032,,
3033,Yes,Because of COVID-19 
3034,Yes,Because of covid-19
3035,Yes,Because of co
3036,No,I don't feel worried because I am in ny home
3037,No,Because I am in our home safely
3038,,
3039,,
3040,,
3041,,
3042,,
3043,Yes,"Because all schools where closed due to covid-19, that why I'm not okay with the condition"
3044,No,Because I usually stay at home
3045,,
3046,,
3047,,
3048,Yes,"Because we use to listening radio many, at home"
3049,Yes,Because I don't have tool or material for covid-19 like mask_amd hand sanitizer to protect me
3050,,
3051,,
3052,No,O
3053,,
3054,,
3055,No,Because I use to protect my self by using mask mouse and applying hann sanitizers throughout .
3056,,
3057,Yes,Because I'm not learning more
3058,,
3059,,
3060,,
3061,,
3062,Yes,I wants to go to the next class
3063,Yes,The virus can be carry to me by other people
3064,,
3065,,
3066,,
3067,,
3068,,
3069,,
3070,Somewhat,Covid-19 is the killer that why I am worried
3071,,
3072,,
3073,,
3074,,
3075,,
3076,Yes,It's because of the covid-19
3077,,
3078,,
3079,,
3080,,
3081,Somewhat,I am worried because covid-19 can kill
3082,Yes,Corona panic
3083,No,I'm feeling safe at home
3084,,
3085,,
3086,,
3087,,
3088,,
3089,,
3090,,
3091,,
3092,Yes,Because of Covid 19
3093,,
3094,No,Iam seperate from public
3095,No,Because I always wash my hands with soaps and keep social distant
3096,No,"Because there many sickness apart from Coronas that kills, so no need to fear Coronas."
3097,Yes,Because it kills 
3098,Yes,Because it kills people
3099,No,Self protection
3100,,
3101,Yes,Because covid 19has interrupted school
3102,Yes,More knowledge on covid 19
3103,,
3104,No,Keeping Coronas rules
3105,No,Because no one has died here in ikwoto
3106,Yes,Because of no protection
3107,No,No sharing of one desk
3108,,
3109,Yes,Worry because it spread through greetings therefore if one is staying at home you will not get.
3110,Yes,She is not so much worry because the preventive measures which was taught for them they are able keeping themselves safe.
3111,Yes,No protection
3112,,
3113,,
3114,,
3115,,
3116,,
3117,Yes,Because of covid19
3118,Yes,Corona virus is aserious disease that affect anyone  world wide
3119,Yes,Crona virus has become a very bad disease nation wide not only in South Sudan but equally world wide
3120,Yes,You can worry about the situation that occurred in the area
3121,Yes,Because the disease may spread very fast
3122,No,We always wash our hands
3123,,
3124,,
3125,No,Following preventive measures
3126,,
3127,No,Following preventive measures
3128,No,Following preventive measures
3129,,
3130,,
3131,No,I am safe 
3132,,
3133,,
3134,,
3135,,
3136,,
3137,,
3138,,
3139,,
3140,,
3141,,
3142,,
3143,Yes,Because am fear of covid-19 
3144,Yes,Because of covid-19 
3145,,
3146,,
3147,,
3148,Somewhat,No fear
3149,,
3150,,
3151,Somewhat,No
3152,,
3153,No,I am alone.
3154,,
3155,,
3156,,
3157,,
3158,,
3159,,
3160,,
3161,Yes,Some people cough a lot
3162,,
3163,,
3164,,
3165,Yes,Because of CoVID 19 infection.
3166,Yes,Because of the infection of CoVID 19.
3167,,
3168,Yes,Because of CoVID 19 infection among people in the community.
3169,,
3170,,
3171,No,I'm fine because there are no many people at home.
3172,No,Because I am protected .
3173,,
3174,,
3175,No,Because there is no infection of CoVID 19 at home.
3176,Yes,Because of CoVID 19 infection among people.
3177,Yes,Because of CoVID 19 infection among people.
3178,No,Because I am fine at home.
3179,No,Because nobody is coming to our house.
3180,Yes,Because of studies at home.
3181,Yes,Because of CoVID 19 infection.
3182,,
3183,Yes,Because of CoVID 19 infection.
3184,Yes,Because of CoVID 19 infection no good studies at home.
3185,,
3186,,
3187,,
3188,,
3189,Yes,Because of CoVID 19 infection among people.
3190,,
3191,Yes,Because CoVID 19 has interrupted our studies at school and now there is no proper learning.
3192,,
3193,Yes,Because CoVID 19 disease kills people.
3194,Yes,Because CoVID 19 disease kills many people.
3195,,
3196,Yes,Because I am worried about my studies.
3197,,
3198,No,Because there is no gathering at home.
3199,Yes,Because of CoVID 19 infection among people.
3200,,
3201,,
3202,Yes,Because of CoVID 19 disease which can kill people.
3203,,
3204,Yes,Because of CoVID 19 infection has interruption with studies.
3205,,
3206,,
3207,Yes,Because of CoVID 19 infection among people may infect anyone.
3208,Yes,Because of CoVID 19 infection among people.
3209,,
3210,Yes,Because of CoVID 19 infection and has also affected our learning.
3211,,
3212,,
3213,,
3214,,
3215,,
3216,,
3217,Yes,Because some people don't follow the coronaviru guidelines
3218,,
3219,Yes,Not to be caught up by by coronaviru
3220,No,Good to stay at home
3221,Yes,No learning takes place
3222,,
3223,,
3224,,
3225,,
3226,,
3227,Yes,It doesn't has cure
3228,,
3229,,
3230,,
3231,,
3232,,
3233,,
3234,,
3235,,
3236,,
3237,,
3238,,
3239,,
3240,,
3241,,
3242,,
3243,,
3244,,
3245,,
3246,,
3247,,
3248,,
3249,,
3250,,
3251,,
3252,,
3253,Yes,Because at home am safe
3254,No,Only thing is taking precautionary measures
3255,Yes,Delayed being in the school
3256,,
3257,,
3258,No,Because am safe at home
3259,,
3260,,
3261,,
3262,,
3263,,
3264,,
3265,,
3266,Yes,Corona virus is dangerous at our age
3267,Yes,Because l care with my life.
3268,,
3269,,
3270,,
3271,,
3272,Yes,Because Covid 19 is the most dangerous disease I have ever heard of
3273,Yes,Covid 19 is for real
3274,No,Because we normally stay at home
3275,,
3276,Yes,Because of being alone
3277,,
3278,,
3279,,
3280,,
3281,,
3282,,
3283,,
3284,,
3285,,
3286,,
3287,,
3288,,
3289,,
3290,,
3291,,
3292,,
3293,,
3294,,
3295,Yes, To implement roles of covid-19.
3296,Yes,people are deserves Social distance
3297,Yes,no worry in village
3298,Yes,fears for covid 19
3299,Yes,Fear of COVID-19
3300,,
3301,,
3302,,
3303,,
3304,,
3305,,
3306,,
3307,,
3308,,
3309,,
3310,,
3311,,
3312,,
3313,,
3314,,
3315,,
3316,Yes,I fear to contract the virus
3317,No,Covid 19 will never come here
3318,,
3319,,
3320,,
3321,Yes,So that I don't get covid 19.
3322,,
3323,,
3324,Somewhat,"Staying at home.
"
3325,,
3326,,
3327,,
3328,Somewhat,Movement in community any how .
3329,Yes,Corona viruses
3330,Yes,Because of convect 19
3331,Yes,Because it is pandemic
3332,Yes,Because of social distancing and association with other people
3333,,
3334,,
3335,,
3336,Yes,I fear my children will contract Corona if they moved out
3337,,
3338,,
3339,,
3340,,
3341,,
3342,Yes,Infected person may come to my house spread the disease 
3343,,
3344,,
3345,,
3346,,
3347,,
3348,,
3349,,
3350,,
3351,,
3352,,
3353,,
3354,,
3355,,
3356,No,Because Corona is not to much here in our area.
3357,,
3358,Somewhat,We have prevention measures
3359,Yes,Because they said Corona is dangerous
3360,Yes,Because coronas can kill people.
3361,,
3362,No,I am keeping my self away from covid_19 
3363,Yes,No pains 
3364,No,I am safe at home 
3365,,
3366,No,I am avoiding contact 
3367,,
3368,,
3369,,
3370,No,I am avoiding the contact 
3371,No,I am at home 
3372,,
3373,,
3374,,
3375,No,I am safe 
3376,Yes,Is killing people 
3377,,
3378,,
3379,No,It's safe no big number of people at home
3380,,
3381,No,At home environment is good
3382,No,"No, worry"
3383,,
3384,Yes,Children are just sitting idols mark a lot of noise
3385,Yes,Our learners are not serious about their learning.
3386,,
3387,,
3388,No,Because I'm at home
3389,,
3390,Yes,Because I don't have time a lot working at home.
3391,,
3392,Yes,Because l will be moving to school everyday no time for listening to the radio
3393,Yes,Because it's deadly disease
3394,,
3395,,
3396,Yes,Because l care about my life
3397,Somewhat,I am not worried
3398,,
3399,,
3400,Yes,Because of the Covid-19
3401,,
3402,Yes,I am fearing covid-19
3403,Yes,Because it is frustrated
3404,No,I feel safe at home
3405,,
3406,,
3407,No,I feel normal
3408,,
3409,No,I trust God
3410,Somewhat,I don't have any worried
3411,Yes,It's a bad disease
3412,,
3413,,
3414,,
3415,Yes,No safety
3416,,
3417,Yes,Bad news
3418,Yes,I don't want covid19
3419,No,Home is safely
3420,Yes,No school
3421,Yes,Corona virus
3422,No,Home is satey
3423,Yes,Need to read but no school
3424,,
3425,No,Home safety
3426,,
3427,,
3428,,
3429,,
3430,,
3431,,
3432,No,We feel we are all healthy.
3433,,
3434,,
3435,Yes,Because I don't have time a lot working at home.
3436,,
3437,Yes,Fear of spread of the virus even during learning process.
3438,,
3439,,
3440,,
3441,,
3442,No,Because I am safe by saying at home as part of preventive measures of pandemic.
3443,,
3444,,
3445,,
3446,,
3447,,
3448,,
3449,,
3450,,
3451,,
3452,,
3453,Yes,I doing lesson during covid_ 19
3454,Somewhat,Some time if there is no teachers
3455,Yes,Because I am fearing with COVID_19
3456,Yes,"Yes,because it created more poverty at my home"
3457,No,Because am at home and safe
3458,No,I feel am safe at home
3459,No,I just feel God will protect us
3460,No,Because am at home and safe
3461,Yes,Movement always result to covid19.
3462,,
3463,,
3464,Yes,Am worried of my education since schools are closed
3465,,
3466,,
3467,,
3468,Yes,Children are practicing bad behavior
3469,,
3470,,
3471,Yes,It's because teaching is not going on
3472,No,He can able to protect himself from Covid 19
3473,Yes,Because he is not going to school.
3474,No,Because she studies well
3475,No,Because he can able to protect himself from Covid 19
3476,No,He guides himself from Covid 19
3477,,
3478,,
3479,,
3480,,
3481,,
3482,,
3483,,
3484,Yes,It cussed a lot delayance 
3485,,
3486,Yes,Because it spread faster than any other diseases and it also kills that is why am worry at home.
3487,Yes,Because it kills people
3488,Yes,She feels worried that coronas might attack her if she don't keep social distant at home and regular washing of hands
3489,,
3490,,
3491,No,Am less contact with people 
3492,,
3493,,
3494,,
3495,,
3496,,
3497,,
3498,No,I'm not studying
3499,,
3500,Yes,Because diseases outbreak
3501,,
3502,,
3503,,
3504,,
3505,,
3506,,
3507,,
3508,No,Because I am safe
3509,No,Iam protected at home
3510,No,Iam only with my family
3511,,
3512,Yes,I do listen to the radio lesson at neighbour house
3513,No,Iam protected at home
3514,,
3515,,
3516,No,Iam out of public
3517,No,Because Iam not in public places
3518,No,Life is God respnsibility
3519,,
3520,Yes,Because of the covid-19
3521,,
3522,,
3523,No,I feel worried because of covid-19
3524,,
3525,,
3526,,
3527,,
3528,,
3529,,
3530,,
3531,,
3532,,
3533,,
3534,Yes,Parents may not follow all the guidelines at home
3535,,
3536,,
3537,,
3538,,
3539,,
3540,,
3541,,
3542,,
3543,,
3544,,
3545,,
3546,No,"At home, we stay safe"
3547,,
3548,,
3549,,
3550,,
3551,,
3552,,
3553,,
3554,,
3555,,
3556,,
3557,,
3558,,
3559,,
3560,,
3561,,
3562,Yes,Not worried because staying at home is safe
3563,,
3564,,
3565,Yes,The number of the people is graded
3566,Yes,"Keeping social distance mesure are hard follow, "
3567,Yes,No trust during learning
3568,Yes,My worried is no social distance is practice
3569,Yes,Fear of staying idle
3570,Yes,It delay the progress of education
3571,No,Sometimes i will contract the deaseas
3572,,
3573,No,Because am keeping social distance
3574,,
3575,No,Iam following the preventives measures in regard to covid 19 pandemics
3576,No,Preventives measures are in place
3577,,
3578,,
3579,,
3580,,
3581,,
3582,,
3583,No,Because am keeping preventives measures
3584,,
3585,,
3586,No,No facemasks
3587,,
3588,No,Because I practice social distancing
3589,,
3590,,
3591,,
3592,No,I observed covid 19 preventives measures
3593,,
3594,No,We are of preventives measures in regard to covid 19 pandemic
3595,No,I stays by my self
3596,,
3597,Yes,No access to get food for the family
3598,,
3599,,
3600,,
3601,Yes,"No works, no food for the family"
3602,,
3603,,
3604,,
3605,Yes,Because atime I fear the spread of the virus which looming all over the globe.
3606,Somewhat,Due to the covid-19
3607,,
3608,Yes,Education on air is not enough
3609,,
3610,,
3611,No,Because she can able to protect herself.
3612,No,It's because at home I feel safe
3613,Yes,The Corona has spoiled alot of our time
3614,,
3615,No,Am not sure whether Corona is here in South Sudan
3616,No,Because been at home is more safety than missing with other people.
3617,No,"It's because I don't move,I always remain at home"
3618,No,I feel safe at home
3619,No,Because she can protect her self from Covid 19.
3620,No,Because she can able to protect her self from Covid 19.
3621,,
3622,No,Because vshe can protect her self.
3623,No,Home is safety
3624,No,Home safety
3625,Yes,People stay at home only
3626,No,Home is safetg
3627,No,Because he can able to protect.
3628,No,Because we have protection materials and preventive material like handwashing tap and hand sanitizer at home to use with my family
3629,No,Because I believe staying at home is safer than in school
3630,Yes,Because Corona pandemic is dangerous
3631,Yes,Because Corona is said to be dangerous
3632,Yes,Because I learned that Corona Virus is dangerous
3633,No,Because I learned that if you stay home you stay safe
3634,,
3635,Yes,Yes Corona virus is a dangerous disease which can kill both old and young people like us
3636,,
3637,,
3638,,
3639,,
3640,No,I take care of myself
3641,Somewhat,It is not fully as missing the teaching
3642,,
3643,,
3644,Yes,No questions
3645,,
3646,,
3647,,
3648,,
3649,,
3650,,
3651,,
3652,,
3653,Yes,People  are sure of survival
3654,,
3655,No,Am safe 
3656,No,Am not in contact with outsiders
3657,No,Am staying alone with my own children during Covid- 19
3658,,
3659,,
3660,,
3661,,
3662,,
3663,,
3664,,
3665,,
3666,No,Because am not engaged in bad activities and am doing my small business of making tea in the market
3667,,
3668,,
3669,,
3670,,
3671,,
3672,,
3673,No,Because lam always staying at home
3674,No,Because lam at home not moving to school
3675,,
3676,No,Because COVlD 19 is bad disease
3677,,
3678,No,Because am not travelling much and i protect my home from COVID-19
3679,Somewhat,I don't know
3680,,
3681,No,Because am safe at home.
3682,,
3683,,
3684,,
3685,,
3686,,
3687,,
3688,,
3689,,
3690,,
3691,,
3692,No,Staying at home is safe 
3693,,
3694,,
3695,,
3696,,
3697,,
3698,,
3699,,
3700,,
3701,,
3702,,
3703,,
3704,,
3705,,
3706,,
3707,,
3708,,
3709,Yes,Because COVID-19 is deadly disease and it needs serious precautions set by ministry of health be followed.
3710,,
3711,,
3712,,
3713,,
3714,,
3715,,
3716,,
3717,,
3718,,
3719,,
3720,,
3721,Somewhat,Because people will have no food
3722,Somewhat,Because I don't know how I will get infected
3723,,
3724,,
3725,,
3726,,
3727,,
3728,Somewhat,Because there will be no access to health centre
3729,,
3730,,
3731,Yes,Because of hunger
3732,Somewhat,Because no good awareness in this area
3733,,
3734,,
3735,,
3736,,
3737,,
3738,No,Because she protect herself.
3739,,
3740,,
3741,,
3742,,
3743,No,Because there is no missing with other people.
3744,,
3745,No,Because they are at home
3746,No,Am at home
3747,Yes,The whole world feared convic19
3748,No,At home
3749,Somewhat,I don't know
3750,No,Am at home
3751,No,Am at home
3752,Yes,Am safe 
3753,No,Am safe
3754,,
3755,Yes,When I stay home I don't get any support because am teacher and it's my only earning
3756,No,Becauses staying home is safe during this pandamic
3757,No,Because staying at home is safe
3758,Yes,Because to keep their pupils safe from infection of Corona virus
3759,,
3760,,
3761,,
3762,,
3763,,
3764,,
3765,,
3766,,
3767,,
3768,,
3769,,
3770,,
3771,No,No need
3772,,
3773,,
3774,No,I just stay at home
3775,No,Because always we follow precautionary measures
3776,Yes,Because am a candidate want to finished
3777,,
3778,No,Am safe at home
3779,Yes,Am a teacher but during Covid19 I have no job
3780,,
3781,,
3782,,
3783,No,Am safe with my family at home 
3784,,
3785,,
3786,,
3787,,
3788,,
3789,,
3790,,
3791,,
3792,,
3793,,
3794,,
3795,,
3796,,
3797,,
3798,,
3799,,
3800,,
3801,,
3802,,
3803,,
3804,No,No corona virus here
3805,,
3806,Yes,Social getherings
3807,,
3808,Yes,Because it is a pandemic
3809,,
3810,Yes,Because covid-19 is real
3811,,
3812,,
3813,Yes,Because he has no been trained on the danger and how to prevent coronas.
3814,No,Because she protect herself from the Covid 19.
3815,,
3816,No,Because she can able to to protect herself from the Covid 19.
3817,,
3818,No,Home is safety 
3819,No,Home is safety 
3820,No,Home is safety 
3821,Yes,Corona virus 
3822,No,Because it  protect me from COVID-19
3823,Yes,Because staying home is enough still it can affect people from home
3824,Yes,Because I see my children dreams are being deteriorated 
3825,No,Because staying at home is safe
3826,No,Because the MoH said people should stay home
3827,Yes,Because staying at home is safe
3828,,
3829,No,I have no idea
3830,No,Because I do practice preventives measures.
3831,No,Because social distancing is observed. No more grouping
3832,Yes,Because of the disease called covid 19
3833,Yes,Because preventive measures are not being followed by some people
3834,No,"I'm a ware of the preventives measures, so there is no worried"
3835,No,I feel safe when I'm at home
3836,No,Because of the social distancing which am practicing is giving me no worry.
3837,Yes,Because of the disease called covid 19 pandemic
3838,No,Because of the social distancing at home.
3839,No,Social distancing is observed
3840,,
3841,No,I keeping my mind the preventives measures.
3842,No,I practices preventives measures.
3843,No,"Because, I'm keeping the rules of covid 19"
3844,Yes,Am worried because of other people who are not following preventives measures.
3845,Yes,Because covid 19 is a disease that can be contracted when in contact with people who are affected by the disease.
3846,Yes,"Because, I stays for long time with out school."
3847,Yes,Because of the disease which spread all over.
3848,Yes,Because of the disease called covid 19 pandemic which is spreading all over.
3849,,
3850,Yes,It is dangerous disease and has no cure and Vaccine
3851,Yes,Precautions
3852,,
3853,Yes,Because COVID-19 had no cure
3854,Yes,Make study difficult for children
3855,,
3856,No,I am at home
3857,No,I'd move much
3858,,
3859,,
3860,,
3861,,
3862,,
3863,,
3864,,
3865,,
3866,Yes,Normally staying in one place is not favouring because it will be very hard to earn income
3867,,
3868,No,Because staying at home is very safe and healthy
3869,No,Normal following preventive measures
3870,No,No because l follow measures for prevention
3871,,
3872,Yes,Am not worried about covid-19 but only frastrusted about closures of schools
3873,,
3874,No,Stay at home
3875,,
3876,,
3877,,
3878,,
3879,,
3880,,
3881,,
3882,,
3883,,
3884,,
3885,,
3886,,
3887,,
3888,,
3889,,
3890,,
3891,,
3892,,
3893,,
3894,,
3895,,
3896,,
3897,,
3898,,
3899,,
3900,,
3901,,
3902,,
3903,,
3904,,
3905,No,Am safe 
3906,Yes,Some one infected with virus may come and spread the disease
3907,No,Am safe 
3908,,
3909,No,Because it is safe to stay at home according to Corona virus guidelines
3910,No,Because staying home is safe
3911,,
3912,,
3913,,
3914,,
3915,,
3916,,
3917,,
3918,,
3919,,
3920,,
3921,,
3922,,
3923,,
3924,,
3925,,
3926,,
3927,,
3928,,
3929,,
3930,,
3931,,
3932,,
3933,,
3934,,
3935,,
3936,,
3937,,
3938,,
3939,,
3940,,
3941,,
3942,,
3943,,
3944,No,I feel safe at home
3945,No,Am not studying
3946,,
3947,No,I feel safe
3948,,
3949,,
3950,,
3951,,
3952,Yes,Coronavirus have killed many people
3953,Yes,Death has no famulae
3954,No,Because it has kill someone in her area.she believes there is no coronas.
3955,,
3956,,
3957,No,Because it has not kill people in his area.
3958,,
3959,,
3960,,
3961,No,He has no seen some one dying of corona
3962,No,He doesn't fear because this is disease given by God if it comes to you there is nothing you can do more.
3963,,
3964,,
3965,,
3966,,
3967,,
3968,,
3969,,
3970,,
3971,,
3972,,
3973,,
3974,,
3975,,
3976,,
3977,,
3978,Yes,Because of rampant spreading of the diseases from one person to another
3979,,
3980,No,Because in some places I heard people died of coronas and i we don't have testing machine in our community.
3981,,
3982,Yes,Yes some time we do have visitors coming to our home
3983,No,Am safe at home
3984,Yes,Because of media circulation all time you listen about increase rate of coronavirus infection.
3985,,
3986,Yes,Because of media circulation
3987,,
3988,,
3989,,
3990,,
3991,,
3992,,
3993,No,Because she seen how coronas look like and how it spread and the mode of prevention.
3994,,
3995,,
3996,,
3997,,
3998,,
3999,,
4000,,
4001,Yes,"Because schools are closed, it has made them not go next class."
4002,,
4003,No,Because she able to protect herself
4004,,
4005,No,"Because envloved in cordwaded areas, washing hands"
4006,Yes,Because it is air born disease so she feels any time she will be to contract to Covid 19
4007,Yes,No school 
4008,,
4009,,
4010,Yes,Many things are not present 
4011,,
4012,,
4013,No,Home is safety 
4014,Somewhat,Because it doesn't matter whether your at home or public Corona virus can kill
4015,Yes,Because staying home is not good an idle mind always think of negative thing
4016,,
4017,,
4018,,
4019,Yes,Because it is  the responsibility of school to ensure safety of students in the school 
4020,,
4021,Somewhat,Because it is their responsibility to keep us safe while in school
4022,,
4023,,
4024,No,I listen at home alone
4025,Somewhat,I fear but because we have wash facilities at home so I do not fear much
4026,,
4027,No,Because we do not a testing faculty and I have not seen any person who is sick 
4028,Somewhat,I try to take care of myself. I also share you people the instrctions
4029,,
4030,Somewhat,No other people come to my house to study 
4031,,
4032,,
4033,,
4034,No,People sit far from each other
4035,,
4036,,
4037,,
4038,,
4039,,
4040,,
4041,,
4042,,
4043,,
4044,,
4045,,
4046,Somewhat,I am not worrying because I am at home
4047,Yes,Because there is classroom lessons taught by teachers
4048,No,Am not worried because God is there to protect
4049,No,I feel safe at home
4050,No,I feel safe at home
4051,Yes,Because during coaching we sit in one classroom
4052,,
4053,,
4054,,
4055,,
4056,No,Home is aafe
4057,,
4058,No,Outside home
4059,No,Home is safe
4060,No,No achool
4061,No,Because staying home is safe
4062,No,Because it is safe and Healthy to stay at home
4063,,
4064,,
4065,,
4066,,
4067,,
4068,,
4069,,
4070,,
4071,,
4072,No,Because she is able to protect herself from the sickness.
4073,,
4074,,
4075,,
4076,,
4077,,
4078,Yes,Many of my colleagues got married during the period of the locked down
4079,No,In the school one will concentrate more than at home
4080,Yes,There is need to improve health and sanitation
4081,Yes,People don't take serious precaution
4082,Yes,No proper sensitization about coronaviru at home
4083,,
4084,Yes,"If coronaviru reaches here, it will kill many people"
4085,,
4086,,
4087,,
4088,Yes,"Coronaviru is a dengerou disease,if we don't take care, it will kill"
4089,,
4090,,
4091,,
4092,No,I want children to go back to school
4093,No,Our house is safe
4094,No,We are fine in the house
4095,,
4096,Yes,Covid -19 is transmission is easy
4097,Yes,Fear of Corona
4098,Yes,Corona 
4099,,
4100,,
4101,,
4102,,
4103,No,Corona
4104,Yes,It can  easily be   transmitted 
4105,,
4106,,
4107,,
4108,,
4109,,
4110,,
4111,,
4112,,
4113,,
4114,,
4115,,
4116,,
4117,No,No people don't died
4118,Yes,So that am not affected
4119,,
4120,,
4121,No,Because am always at home and keep precautionary measures
4122,Yes,It is not easy to follow the coronavirus measures.
4123,,
4124,No,Am safe at home
4125,No,At  home they are  safe.
4126,Yes,Is the visitors who can easily infect me
4127,Yes,My children may go out and get infected with the coronavirus.
4128,,
4129,No,Not going out
4130,,
4131,,
4132,,
4133,,
4134,,
4135,,
4136,Yes,It has no cure
4137,,
4138,,
4139,,
4140,,
4141,,
4142,,
4143,,
4144,No,It has come to my home
4145,,
4146,,
4147,,
4148,,
4149,,
4150,Yes,"Covid-19 is a very dangerous disease, so putting children together can expose them to risk of contracting covid-19."
4151,,
4152,,
4153,,
4154,,
4155,,
4156,,
4157,No,It the whole world
4158,,
4159,Yes,It's deadly disease
4160,Somewhat,We sit with my children and safe
4161,,
4162,,
4163,Yes,It's affecting the whole world
4164,No,At we are few and I am I warried
4165,Yes,Yes we are worried at home
4166,,
4167,,
4168,,
4169,,
4170,No,"He can able wash hands, avoiding greetings other people and put on face masks."
4171,,
4172,No,Because he can able to protect himself.
4173,No,Because she can able to protect herself in case of any sickness.
4174,,
4175,,
4176,,
4177,,
4178,Yes,Because our safety
4179,,
4180,Yes,Because corona virus is dangerous it can kill instance
4181,,
4182,,
4183,,
4184,Somewhat,Because according to the guidelines of task force people should stay home for their safety but what do we eat we only stay home? 
4185,,
4186,,
4187,Somewhat,"Because sometimes studying at home is hard, though we are safe home but still we are missing a lot of things"
4188,,
4189,Yes,Because am also student in University and doing part timing as a teacher and since the school closed down I have no where to earn from and it is teaching is the one putting food on my table
4190,Somewhat,Though staying home is safe and healthy but for girls at home here it is not good but they are aging and an idle mind is normally thinking of evil thing
4191,,
4192,Yes,But I just ignores it
4193,Yes,Because of high rate of coronavirus report increase.
4194,,
4195,,
4196,No,Because it Globally.
4197,No,Because they don't moved a lot.
4198,Yes,Am afraid of my self because of our number at home.
4199,,
4200,,
4201,,
4202,Yes,No mask to hand wash facilities
4203,,
4204,,
4205,No,I kept them save 
4206,,
4207,,
4208,,
4209,,
4210,,
4211,,
4212,,
4213,,
4214,,
4215,,
4216,,
4217,,
4218,,
4219,,
4220,,
4221,,
4222,,
4223,,
4224,,
4225,,
4226,,
4227,,
4228,,
4229,,
4230,,
4231,,
4232,,
4233,,
4234,,
4235,,
4236,,
4237,,
4238,,
4239,,
4240,,
4241,,
4242,,
4243,Yes,Because there is no check up for people living at home and also the visitors.
4244,,
4245,,
4246,,
4247,,
4248,No,Home.is safe
4249,,
4250,,
4251,,
4252,No,"When they come , they wash hands and they sit far from each other"
4253,,
4254,,
4255,,
4256,,
4257,,
4258,No,I listen alone 
4259,,
4260,,
4261,,
4262,No,We have hand washing facilities ta home 
4263,,
4264,,
4265,,
4266,,
4267,,
4268,No,We have hand washing facilities
4269,No,No people come from other places
4270,No,I do not go to other places 
4271,,
4272,,
4273,,
4274,,
4275,,
4276,,
4277,,
4278,No,At home I am safe
4279,,
4280,,
4281,No,Iam at home and not worrying
4282,No,Due disease
4283,,
4284,,
4285,,
4286,,
4287,,
4288,No,I feel safe at home
4289,Yes,Because Corona kills
4290,,
4291,No,No group discussion at home
4292,,
4293,,
4294,,
4295,,
4296,Yes,Visitors can come with Corona at home
4297,,
4298,,
4299,Yes,I fear Corona affect me and kill me
4300,,
4301,,
4302,,
4303,No,Because of following the instruction of stay home stay safe and healthy
4304,,
4305,,
4306,,
4307,Yes,Because corona is a deadly diseases
4308,,
4309,,
4310,,
4311,,
4312,No,Because staying home is safe and healthy according to the corona virus guidelines
4313,Somewhat,Because COVID 19 is an air borne disease it doesn't matter whether your at home or where still if your body immunity is low it can affect you
4314,,
4315,,
4316,,
4317,,
4318,Yes,Because we are losing alot education wise
4319,,
4320,,
4321,,
4322,,
4323,No,No need to worry 
4324,,
4325,,
4326,,
4327,,
4328,,
4329,,
4330,,
4331,,
4332,,
4333,,
4334,,
4335,Yes,There is say corona is a deadly disease
4336,Yes,Fear of infection
4337,,
4338,No,One protect herself
4339,,
4340,,
4341,,
4342,,
4343,,
4344,,
4345,,
4346,,
4347,Yes,It is a deadly disease
4348,,
4349,,
4350,,
4351,,
4352,,
4353,No,Am safe at home
4354,,
4355,Yes,Am worried of other illness like ulcers and Malaria.
4356,,
4357,,
4358,,
4359,Yes,As teacher all schools are closed and the learners health
4360,Yes,We listen to public announcement
4361,,
4362,No,Home.is safe
4363,Yes,Because be covid-19 move through the air.
4364,,
4365,Yes,Because I believe covid-19 spread from the air
4366,,
4367,,
4368,,
4369,,
4370,Yes,I fell worried because covid -19 become a deadly disease that needs a very good care at any time; people need to Wash in any time of touching some thing
4371,No,There is no crowd at home.
4372,No,Home is safe.
4373,,
4374,No,I feel safe at home
4375,No,I have never seen any Corona victim
4376,Yes,At home no guidance on Corona is given by the parents
4377,No,Staying home is safe and healthy
4378,,
4379,Yes,When I went to collect my holiday package the school put everything in place
4380,Yes,Idleness is not good at least in school you will be active and learn new things
4381,Yes,We are doing nothing home I want to learn new things 
4382,,
4383,,
4384,,
4385,,
4386,,
4387,,
4388,No,Because he is studying by his own people that why he could no fear.
4389,,
4390,Yes,Because there is one person died of Covid 19 so she has fear.
4391,Yes,It's deadly diseases
4392,No,Iam not worried
4393,,
4394,,
4395,,
4396,Yes,It's a killer disease
4397,Yes,It is a deadly disease
4398,,
4399,,
4400,,
4401,,
4402,Yes,Because l care about my life
4403,,
4404,,
4405,,
4406,,
4407,,
4408,No,Because I'm at home
4409,Yes,Covid-19
4410,,
4411,,
4412,,
4413,,
4414,,
4415,,
4416,,
4417,,
4418,Yes,Because to make social distancing.
4419,,
4420,No,I proctic my life from CVID_19
4421,,
4422,,
4423,,
4424,,
4425,Yes,My life is God and take my own responsibility.
4426,,
4427,,
4428,,
4429,,
4430,,
4431,,
4432,,
4433,,
4434,,
4435,,
4436,,
4437,,
4438,,
4439,Yes,Because staying in one place is not good for studies
4440,,
4441,,
4442,,
4443,,
4444,,
4445,,
4446,,
4447,Yes,Covid19 is on
4448,,
4449,,
4450,Yes,No school
4451,Yes,Covid19
4452,Yes,Death
4453,,
4454,,
4455,No,Home is safr
4456,,
4457,,
4458,,
4459,Yes,Because of the virus it effects the learners
4460,,
4461,,
4462,Yes,Because it very heard to manager they learners from covid 19 virus
4463,Yes,Because of been effected with the virus
4464,,
4465,,
4466,,
4467,,
4468,,
4469,,
4470,,
4471,No,nothing to say.
4472,,
4473,,
4474,,
4475,,
4476,,
4477,,
4478,,
4479,,
4480,,
4481,,
4482,,
4483,,
4484,,
4485,No, Because am a health work and we need to give support to people regarding COVID-19 precautions.
4486,,
4487,,
4488,,
4489,,
4490,,
4491,Yes,Girls are being faced with early marriage in our community
4492,,
4493,,
4494,,
4495,,
4496,,
4497,,
4498,,
4499,No,I was fearing at first but now am not.
4500,No,Corona is not serious as we use to think.
4501,Yes,I fear being infected because of visitors who come around.
4502,No,Because are not going to neighbours homes.
4503,,
4504,,
4505,No,Staying home is safe and healthy
4506,,
4507,,
4508,Somewhat,"Because it is all risk, I learned that COVID 19 is an air borne diseases which can affect people everywhere"
4509,Somewhat,Because we are missing alot if things education wise I feeling losing my dreams of becoming a medical Doctor
4510,No,Staying home is safe
4511,,
4512,,
4513,,
4514,,
4515,,
4516,No,Because i will be restricted by the measuers. 
4517,,
4518,,
4519,,
4520,,
4521,,
4522,,
4523,,
4524,,
4525,No,I listen alone 
4526,Yes,Because being idle is not good
4527,,
4528,,
4529,,
4530,,
4531,,
4532,,
4533,,
4534,,
4535,,
4536,,
4537,,
4538,,
4539,,
4540,,
4541,,
4542,,
4543,,
4544,,
4545,,
4546,,
4547,,
4548,,
4549,,
4550,,
4551,,
4552,,
4553,,
4554,,
4555,,
4556,,
4557,,
4558,,
4559,,
4560,,
4561,,
4562,,
4563,No,No case of covid-19 reported in my area.
4564,No,I don't know
4565,No,We are free at home
4566,,
4567,,
4568,Yes,Covid-19 could spread without control
4569,,
4570,,
4571,,
4572,,
4573,,
4574,,
4575,,
4576,,
4577,,
4578,,
4579,,
4580,,
4581,,
4582,Yes,People don't observe social distancing
4583,No,No threat in my area
4584,,
4585,,
4586,,
4587,,
4588,,
4589,,
4590,,
4591,,
4592,,
4593,,
4594,,
4595,No,No case of covid-19 reported in the area
4596,,
4597,,
4598,,
4599,,
4600,,
4601,,
4602,,
4603,,
4604,,
4605,Yes,I am worried because covid 19 have disorganized
4606,No,No worried 
4607,No,I have isolated my self from crown and following covid 19 measure
4608,,
4609,,
4610,,
4611,,
4612,,
4613,,
4614,,
4615,,
4616,,
4617,,
4618,,
4619,,
4620,Yes,Because where we listen to radio lessons people are congested and don't keep social distance.
4621,No,I know how to control myself
4622,No,Because we not many at home
4623,Yes,A lot of things are getting lost from my brain.
4624,Yes,Because of mixing freely with other people and that can increase the risk of getting it.
4625,No,Because am still young as I heard that Covid-19 attacks people who are aged but not young people.
4626,,
4627,,
4628,,
4629,,
4630,,
4631,,
4632,,
4633,,
4634,,
4635,,
4636,,
4637,,
4638,,
4639,,
4640,,
4641,,
4642,,
4643,,
4644,,
4645,,
4646,,
4647,,
4648,,
4649,,
4650,,
4651,,
4652,,
4653,,
4654,,
4655,,
4656,,
4657,,
4658,Yes,Corona virus is pendamic
4659,,
4660,Yes,Corona virus infection fear
4661,,
4662,,
4663,,
4664,,
4665,,
4666,,
4667,,
4668,,
4669,,
4670,,
4671,,
4672,,
4673,,
4674,,
4675,,
4676,,
4677,,
4678,,
4679,,
4680,,
4681,,
4682,,
4683,,
4684,,
4685,Yes,Because of gathering at home.
4686,,
4687,,
4688,No,Because there is no school where students can be many.
4689,Yes,Because of mixing up freely with other people as people don't take the preventive measure seriously.
4690,,
4691,,
4692,,
4693,,
4694,,
4695,Yes,Because people are many in our area
4696,,
4697,,
4698,,
4699,,
4700,,
4701,Yes,People don't keep social distancing
4702,,
4703,Yes,It was announced people have to take care
4704,Yes,Coronaviru is very dangerous
4705,,
4706,,
4707,,
4708,,
4709,Yes,No proper guidance
4710,Yes,There is need for more awareness
4711,No,There is hand washing facilities at home
4712,No,We use wash our hands with soap and water
4713,,
4714,,
4715,,
4716,,
4717,,
4718,,
4719,,
4720,,
4721,,
4722,No,"Its already there, we only need to follow the guidelines"
4723,Yes,Coronaviru is a very dangerous disease
4724,,
4725,Yes,No proper following of coronaviru guidelines
4726,No,I will guide these children at home to stay safe from coronaviru
