Q48_Do you feel worried about your safety due to being at home during COVID-19?,Q49_Why or why not?
,
,
,
,
No,No I don't feel worried at home totally
No,Because I'm staying at home which is good
,
,
,
,
No,Because I'm always in my house of which I'm safe
,
,
,
,
,
,
,
,
,
,
,
,
,
,
,
No,Because home is safe 
Yes,Worried about contracting the diseases 
,
,
,
,
,
,
,
,
,
,
,
,
,
,
,
,
,
,
,
,
,
,
,
,
,
,
,
,
,
,
,
,
,
,
,
,
,
,
,
,
,
,
,
,
,
,
,
,
,
,
,
,
,
,
,
,
,
,
,
,
,
,
,
,
,
,
,
,
,
,
,
,
,
,
,
,
,
,
,
,
,
,
,
,
,
,
,
,
,
,
,
,
,
,
,
,
,
,
,
,
,
,
,
,
,
,
,
,
,
,
,
,
,
,
,
,
,
,
,
,
,
,
,
,
,
,
,
,
,
,
,
,
,
,
,
,
,
,
,
,
,
,
,
,
,
,
,
,
,
,
,
,
,
,
No,Staying home is safe
,
,
,
,
,
,
,
,
,
No,I feel safe at home
,
,
,
,
,
,
,
,
,
,
,
,
,
,
,
,
,
,
,
,
,
,
,
No,Because I have no way
,
,
,
Yes,because of covid-19
,
,
,
,
,
No,There's no reason can late me worried because I have no things to do
Yes,Covid-19
No,Covid-19
No,I have no things to do
,
,
,
No,Only thing saving is God only
,
,
Somewhat,To avoid from not getting coronavirus 
,
,
,
,
,
,
,
,
,
,
,
,
,
,
,
,
,
,
,
,
,
,
,
,
,
,
,
,
,
,
,
,
,
,
,
,
,
,
,
Yes,Because of visitors who do not follow the guidelines for Coronavirus and tend to come to my house.
,
,
,
,
,
,
,
,
,
,
,
,
,
,
,
,
,
,
,
,
,
,
,
,
,
,
,
,
,
No,Self protection
,
,
,
,
,
,
,
,
,
,
,
,
,
,
No,Because is weak because he has not seen someone who died of coronas in his area.
,
Yes,It kill and has bad mode of spreading from one person to another.
,
Yes,By cause it kills people
Yes,It kills people
No,Because I have already known all the preventive measures of the disease s
,
,
,
,
Yes,Because it kills people
,
,
,
Yes,Because coronas is real even NGOs use to talked about it in the community.
,
,
,
,
,
,
,
Yes,Because it is dangerous to people
,
,
,
,
,
,
,
,
,
,
,
,
,
,
,
,
,
,
,
,
,
,
,
,
,
,
,
Yes,Because the COVID 19 is not serious.
Yes,Because of covid-19
,
,
,
,
,
,
,
,
,
No,Am safe I follow precautionary measures.
No,Because it's not common here
No,No machine for testing the virus so no need for people to worry
No,No 
,
,
No,Nothing to fear
No,Nothing as a threat
,
,
No,Because I am home and keeping social distancing
,
,
,
,
,
,
,
,
,
,
,
No,Home is safe
No,Home is safety
Yes,I feel safe at home
,
,
,
,
,
,
,
,
,
,
,
,
,
,
,
No,We are safe
,
,
,
,
,
,
,
,
,
,
,
,
,
,
,
,
,
,
,
,
,
,
No,It is safe.
,
,
No,At home there's safety
No,At our home we are fine
No,We at home
No,Good we are always at home
,
,
,
,
,
No,Because I'm at home always during COVID_19 time
,
,
,
,
,
No,I am always at one place 
Yes,Because of COVID_19
Yes,Corona
,
,
,
,
,
,
,
,
Yes,Because of CoVID 19 preventive measures shall be in place.
Somewhat,Being bored
,
,
,
No,The same response as given before.
,
Yes,It temper with home economy seen not work
No,No interaction with people
Yes,May not pass exam
No,We are few at home.
,
,
,
,
No,Beacuse of in cronavirus infection.
No,Beacuse of in cronavirus infection.
,
,
No,Because I am home and we keep all the necessary safety measures provided by MoH
Yes,Because of CoVID 19 caused and infections among the people.
,
,
Somewhat,Many people stay at home
,
,
,
,
,
,
No,I feel safe at home
,
,
,
,
,
,
,
,
,
,
,
,
,
,
,
,
,
,
,
,
,
,
,
,
,
,
,
No,Just to be safe
No,Because I believe in God
No,No movement
No,Am safe at home
,
No,Am at home no teaching
Yes,No more movement at home
Yes,Because other people may bring the virus to me
Yes,Because it can kill someone
Yes,I don't wants to die
,
,
,
Yes,Because its dangerous virus
,
,
Yes,It's a serious virus
,
Yes,Some people can carry the virus to me at home
,
,
Yes,It can cause death
No,Because I trust God
,
,
,
,
,
,
Yes,Because of CoVID 19 caused fear among people.
,
No,Because am not within the public
No,Am small
Yes,People do visit me at home
Yes,Relatives do visit me
Yes,People do visit our home
Yes,People used to come home
,
Yes,People do visit me at home
,
Yes,It can kill
Yes,Because people used to come at my home
Yes,"It can kill
"
Yes,Because of the visitors coming in
,
Yes,Because friends used to visit me at home.
No,Because of CoVID 19 social distancing must be observed.
No,Because of good protection.
No,Because I do keep social distancing from each other.
No,Because I keep on washing my hands with water and soap.
Yes,Because of keeping social distancing from each other.
Yes,Because of CoVID 19 social distancing must be observed.
Yes,Because of this disease we rely on God's protection.
,
,
,
,
Yes,Because of CoVID 19.
,
,
Yes,Ttt5trre
Yes,Because of infection of CoVID 19.
Yes,Because of infection for the CoVID 19 virus.
Yes,Because it can infect anyone at any time.
,
,
Yes,Because of the movements of people
,
Yes,Because of movements of people at home
,
,
,
,
,
Yes,"Because my children used to move up and down, they can easily catch the virus"
,
Yes,Because of the movements of people at home
Yes,Because of the movements of people
,
,
,
,
,
Somewhat,Not sure
,
Yes,I don't know what may happen
,
,
,
,
,
Yes,Things are hard
Yes,because it can spread easily
,
,
Yes,Because of the interactions we have during our studies
No,Because it is safe to be at home and maintaining social distancing
No,Because I am  protected from getting the virus
Yes,Because of interaction with neighbours.
Yes,Without school children will all spoil 
,
No,Because no learning taking place.
No,Because of knowledge about proventive measures
Yes,Because of disease 
,
No,Because the school will advised them on the measures of c.19
,
,
Yes,Dangerous
Yes,Economic situations
No,Social distance is observed
Yes,Social distancing is not observing in the public place
,
,
Yes,Because if the sickness gets me everyone at home will be infected 
,
,
,
,
,
,
,
No,Because I feel safe at home 
,
,
,
Yes,Because I don't know the status of all the people who come to our house. 
No,"Avoid stressing himself, other disease can kill like coronas"
Yes,No social distance
Yes,Because people come home might not be healthy of COVID_19
Yes,Because of no social gathering
,
Yes,Because of the restricted movements by the government
No,No because am practicing hand hygiene
Yes,I loss the knowledge gained
,
Yes,Because covid is deadly disease
No,Because I wash my hands always
,
,
No,Because I stay safe
,
Yes,So touch
Yes,Because this sickness has no cure
No,People maintain distance
,
,
,
,
,
,
,
,
,
,
,
,
,
,
,
,
,
,
,
,
,
,
No,Because it's not common 
,
,
,
Yes,To save my life
No,Because I am safe at my home from COVID19
Yes,Because you don't know weather you will be affected or not
Yes,You never know someone who would be affected May bring the virus
Yes,Because it is airborne disease
Yes,"Because the disease is an airborne, one can get it anytime"
No,Because it is safe at home
Yes,The disease is every where
No,Easy to keep social distance
Yes,The disease is an airborne disease
Yes,Airborne disease is very dangerous one can get it anytime
Yes,COVID19 is every where and one can get it
Yes,COVID19 is every where
No,I think I am safe at home
Yes,Because sometimes an infected person may bring the virus in the house
Yes,The disease can affect everywhere
Yes,The disease can affect my even if I am at home
Yes,The disease can affect people everywhere
Yes,The disease can affect everywhere
Somewhat,Because the disease can affect everywhere
Yes,The disease is every where it can affect even at home
Yes,The disease is every where
Yes,The disease is every where
No,It is safe at home
No,It is safe at home
No,It is safe at home
No,Because it is safe at home
Yes,Because the disease is every where
No,I am safe at home unless an infected person comes to my house
No,I think it is safe at home
Yes,Because I can catch the disease anytime
Yes,The disease can affect everywhere
Yes,It is a disease which can affect everywhere
Yes,The disease can affect everywhere
Yes,The disease can affect people everywhere even you are at home
Yes,I don't know when the school will be reopened
Yes,The disease can affect everywhere
Yes,Because I am doing less than I was in school
Yes,Because I don't know when the disease may go
Yes,Because I don't know when the disease will get finished
Yes,I never know I may be affected
Yes,I never know for how COVID19 will take
Yes,Because I don't know how long the school will be reopened
Yes,I don't know when the school will be reopened
Yes,The disease never choose a place
Yes,I don't know how long it take to get finished
Yes,The disease may affect people everywhere
Yes,I don't know when the disease will end
Yes,The disease can affect people everywhere
Yes,The disease can affect people everywhere
Yes,Because you need to Wash your hand every time even with your family
No,I am alone in my house
No,We don't move
No,Because I am always at home
,
Yes,Fear to be kill with the covid-19
Yes,Because the disease make people to be active
No,Because I'm in in my own house
,
,
,
,
,
,
,
,
,
,
,
,
,
No,I do other activities
,
,
,
,
,
,
,
No,Beacuse we stay with our parents at home.
Yes,Beacuse COVID-19 has no medicine.
,
,
,
,
No,Am with my parents and brothers and sisters.
Yes,Beacuse I don't want to get infected.
,
,
,
,
,
,
,
Yes,Because staying at home without interacting with other is a disease
,
,
Yes,Being at home every day is bored
,
,
,
,
,
,
Yes,Beacuse of spread of pandemic disease.
,
Yes,It is dangerous
No,No much interactions with people
No,Home is safe
No,Home is safe
,
,
,
,
No,Am not interacting much with people from out side
Yes,Because even if I am at home people who come home can still bring CORONA VIRUS   to those at home.
,
,
Yes,Because even if I am staying at home people who come home can still bring me the VIRUS. 
No,It better alone at home than being in public places to avoid getting CORONA VIRUS. 
No,Because I feel I am safe 
,
,
No,I because I don't see where I will catch the virus
No,Because  lam  protected  from the virus
No,Because  l am  protected
No,Home is safe
,
,
,
,
,
,
,
,
,
,
,
No,We are prepared 
,
,
,
,
,
,
Yes,It is a killer disease.
,
,
,
,
Somewhat,Because sometime I do forget
,
,
,
No,I trust parents
No,I am keeping scial distancing
,
,
No,No corona at home
,
,
No,People are few at home
No,I'm keeping social distancing
Yes,Because we don't power to get safety for our family's
,
,
,
Yes,It can kill
Yes,Because of the visitors who used to visit us
No,No one is found with this virus in my county
,
No,Home is safe
,
No,My state is safe from COVID-19
Yes,Movements of people around
Yes,Many learners are getting taken up by societies activities neglecting education since government ment indefinitely suspended school operations with no hope of opening.
,
No,Because lam maintaining social distance
,
Yes,Too much movements of people at home
,
,
No,Home is safe
,
,
,
Yes,Lack of protection matreials
No,No because life is the responsibility of God
Yes,Because of self asolation
No,God is concern with our life
Yes,No social gathering
No,We wash our hands with soap and water
No,We follow the guidelines
No,Children are always guided by the parents at home
No,Children are are advised to stay at home
,
,
,
,
,
,
,
,
,
No,Coz i never move any how
,
,
,
,
,
,
,
,
,
,
,
,
,
,
,
,
,
,
,
,
,
,
,
,
,
,
,
,
,
,
,
No,Washing hands every time
No,Am washing my hands every time
,
No,Movement to other places.
No,No overcrowding.
,
,
Yes,Movement anyhow.
Somewhat,Meeting with different people.
Yes,I may luck behind in Education
,
,
No,Washing facilities is available
No,We follow the instructions
No,Because am protecting the hand hygiene washing
No,Am staying at home
No,Because am staying at home
,
,
No,No contact with people
Somewhat,Seating at home is not good
No,We are not m9bing put
,
,
,
,
,
,
,
,
,
,
,
,
,
,
,
,
,
,
,
,
,
,
,
,
,
,
,
,
,
,
No,We avoid random movement and follow the preventive measures
,
No,I feel nothing
,
,
,
Yes,Because it kills
Yes,Worry of affecting me which will be brought by other people
,
Yes,It can attack every if even you are at home
,
,
,
,
,
,
,
,
,
,
,
,
,
,
,
,
,
,
,
,
,
,
,
,
,
,
,
Somewhat,Because I don't trust people who are living with me at home
Yes,Because I don't trust those who live with me at home
Yes,Some people come from outside
Yes,Because of people who comes from outside
No,Because we are all one family
,
,
,
Yes,Some come from outside 
,
,
Yes,No treatment 
Yes,Not getting in touch with others out side 
,
,
,
,
,
No,because  am at home 
Somewhat,I am worried about being at home for long like this. I really feel bad about it.
,
No,No because I  feel safe at home. 
No,Since I am confined to being at home I actually don't worry about getting CORONA VIRUS. 
,
,
,
,
No,Because I feel I am staying at home is safer
,
No,Because home is safer 
,
No,Because I feel safe at home. 
No,I feel safe at home 
,
,
,
,
,
,
No,When am home l don't get covid 19
,
,
,
,
,
No,At home am safe from covid 19
,
,
,
,
,
No,Being at home is safe
,
Somewhat,You can't know who is carrying it
Yes,Anyone can bring it to my home
Yes,Can be brought by anybody at home.
Somewhat,Corona virus can not be seen or you can't tell who has it .
Somewhat,Relatives and friends do come at home and you can't tell whether they contracted it or no.
Somewhat,You cannot know who has it
Somewhat,I hear it is dangerous for us who are elderly
Somewhat,Visitors can bring it to people at home
Somewhat,It can be spread fast in a congested area
Somewhat,Many people visit home
Somewhat,Can't tell who had it or not
Somewhat,Visitors do come homr
Somewhat,Visitors do come home
No,Because we don't have covid-19 in our home and Koch at large
,
No,I don't feel worried because that's my home and I believe it's safe for me
,
No,I observe social distancing properly
,
Yes,There's frequently handshake in this area and I fear someone can bring for me Covid-19
No,I will take care of myself and the government will protect me
Yes,I Will not be promoted this year
,
,
,
,
,
,
,
,
,
,
,
,
,
,
,
,
,
Yes,Fear of infected visiting home. May be a neighbor would pass on.
,
,
,
,
,
,
,
,
,
,
,
,
No,God is great
No,Not really. God is protecting
,
,
,
,
,
,
,
,
,
,
,
,
,
,
,
,
,
,
,
,
No,Because learners are eager to back to school
Yes,Because for health care
,
,
,
,
,
,
,
,
,
,
,
,
,
,
,
,
,
,
,
,
,
,
,
,
,
,
,
,
,
,
,
,
,
,
,
,
,
,
,
,
,
,
,
,
No,Because the who are with me at home are not infection
,
,
,
,
,
,
No,I'm feel secured
,
No,Because I trust the people who are staying with me at home
Yes,May be some body will come from outside and bring covid-19
,
,
,
No,I feel safe at home
Somewhat,Up
,
,
,
,
No,I'm safe at home
,
,
,
No,It is safe to be at home
,
,
,
,
No,It is safe
,
,
,
,
,
,
Yes,I want to come to school when I stay at home I don't feel good 
No,Am adopted to work 
Yes,My safety 
,
,
No,Because I am in our home and no congestion
,
,
,
,
,
,
,
,
,
,
Yes,Because I don't get to time to stay with my friends
No,Because I have isolated myself from people
,
,
,
Yes,Moving to purchase item for live
Yes,Disease is dangerous
,
,
Yes,Because lack protection at home
,
,
Yes,Fear of disease
,
No,Because life is difficult this time
Somewhat,Because of the spread
No,We observe distance policy
,
No,I follow the preventive measures
,
,
,
,
,
,
,
,
,
,
,
Yes,Saving my health 
,
Yes,To avoid all bad things 
,
,
,
,
,
,
,
,
,
,
,
,
,
,
,
,
,
Yes,Epidemic
,
,
,
,
,
,
,
,
,
,
,
,
,
,
,
,
,
,
,
,
No,"because  i feel  safety at  home, rather  than out side home."
,
,
,
,
,
,
,
,
No,it is   safe  at home. 
,
,
,
,
,
,
,
Yes,No classes
,
,
,
,
,
,
,
,
,
,
,
Yes,I can be force to be marriage out
,
,
,
,
,
,
,
,
,
,
,
,
,
,
,
,
,
,
,
,
,
,
,
,
,
Yes,Because of covid-19 
Yes,May be some body from outside will with covid-19 
,
Yes,We have to keep social distancing at home
,
,
,
,
,
,
,
,
,
No,Because home is safe place
Yes,Some people do come from outside
,
No,Just for nothing
,
,
,
,
,
,
,
No,Home is safe
,
,
No,Home is safe
Yes,Because of the movements of people at home
,
,
,
,
,
,
,
,
No,I believe in God
Yes,Because coronavirus is dangerous
No,I feel safe at home
,
No,No beacuse am staying with my family members.
,
,
,
,
,
,
,
No,Beacuse iam following the measures against cronavirus.
,
,
No,I feel safe
,
No,No disease
No,Protection is in place
Yes,Becouse covid_19 is very dangerous 
Yes,Doing other things at home 
No,I don't know
No,Home is my home
,
,
,
,
,
Yes,Because there is no much interaction 
,
Yes,Because I don't know how it will come 
Yes,No movement 
,
,
,
,
,
,
Yes,Because of covid 19
Yes,Because of covid 19
,
No,Because am safe at home
No,Because am safe at home
No,Because at home is safe
No,Stay at home safe
No,Because am safe at home
No,Because stay at home stay safe
No,Because it safe to stay at home
No,Because it's safe to stay at home
No,Because stay home is stay  safe
No,Because am safe at home
No,Because am safe at home
,
No,Because am safe at home
,
,
Yes,Because it's bad virus
No,Because am safe at home
No,Because am safe at home
No,Because stay at home stay safe
No,Because stay at home is stay safe
No,Because am safe at home
No,Because stay at home is stay safe
No,Because stay at home stay safe
,
No,Because stay at home stay safe
,
,
No,Stay at home stay safe
No,Because stay home stay safe
,
,
,
,
,
,
,
,
No,"No
"
,
,
Yes,Because it's dangerous disease 
,
,
,
,
,
,
,
,
,
Yes,Because it may effect our health
No,Because safe is stay at home
,
,
,
,
Yes,Because of corona virus effects
Yes,Becausof corona virus
,
,
Yes,No movement 
,
,
,
,
,
,
,
,
,
,
,
,
,
,
,
Yes,Because no cov-19 measure observe
Yes,Because cov-19is dangerous
Yes,No measure in place
Yes,No measure in place
Yes,Because no measure been put by parents
Yes,Because of corona virus
Yes,Because no preventive measure in place
Yes,Because no proper measure in place
Yes,Because no medicine at home
Yes,Because no hospital
Yes,Because no hospital
,
,
,
,
,
,
,
,
,
,
No,Because I'm at home
,
,
,
,
,
,
,
,
Yes,Committed
,
No,Because I have hand washing facility
,
,
,
,
Yes,Because Covid 19 is a killer
,
,
No,May be infected person will not meet me
,
,
Yes,Because am loosing alot at school 
,
,
,
,
,
,
,
,
,
,
,
No,Because I'm at home
,
,
,
,
,
,
,
,
,
,
,
,
,
,
,
,
,
,
,
,
,
,
,
Yes,I need to go to school
Yes,Because my health is very important than a very things 
Yes,Because I want be infected by corona virus
,
Yes,Because to be healthy is more better
,
Yes,Because covid -19 is bad 
Yes,Because I will not be infected by Corona virus 
Yes,"Because on don,t want to be infected by covidv-19"
,
Yes,Because corona virus is dangerous disease 
Yes,Because I can study well
Yes,Because corona virus will not affect me 
,
,
,
,
,
,
,
,
,
,
,
,
,
,
,
,
,
,
,
,
,
,
,
,
,
,
,
,
Yes,Because I'm safe
,
,
,
,
,
,
,
,
,
No,No comment
,
,
,
,
,
No,No
,
,
,
,
,
,
,
,
,
,
,
Yes,Because I fear other people might bring it to our home.
,
,
,
,
,
,
,
Yes,Because I am not sure if I am really safe
,
,
Yes,Because  even if I am staying at home I can still catch the VIRUS 
No,Because I feel safe at home
,
,
,
,
,
,
,
,
,
,
,
,
,
,
,
,
,
,
,
,
Yes,Because the disease is everywhere
Yes,It is a deadly disease
Yes,"The lockdown has stopped very many activities for learners, teachers and the community"
,
,
,
,
,
Yes,It can affect everywhere
,
,
,
,
,
,
,
,
,
,
,
,
,
,
,
,
,
,
,
,
,
,
,
,
,
,
,
,
,
,
,
,
,
,
,
,
,
,
,
,
,
,
,
,
,
,
,
,
,
,
,
,
,
,
,
,
,
,
,
,
Yes,To prevent from getting infected
,
,
No,I am healthy to be at home
,
,
No,To be healthy
,
,
,
,
,
,
No,To avoid contact
,
No,Not feeling well
No,Because am practicing preventive measures of COVID_19
,
,
,
,
,
,
,
Yes,No teacher 
,
,
,
,
,
,
,
No,I am safe at home
,
,
,
,
,
Yes,Because the disease is bad and it can affect everywhere
,
,
Yes,I am loosing a lot of things which should have been done at school
Yes,I am not doing enough to learn
,
,
,
,
,
Yes,It is not good for me to stay at home
Yes,I am missing a lot of things
No,I am safe at home
Yes,Because it can affect everywhere and else where
No,Home is safer than public places
Somewhat,They trained us
,
No,We follow prevention measures
Somewhat,Home may be unsafe too
No,We apply prevention measures
Yes,Visitors can bring the disease
No,I think I'm safe
,
No,I follow prevention measures
No,I'm comfortable
Yes,Measures for safety are not observed by some people
Yes,Others can bring disease
Yes,We follow prevention measures
Yes,Our is secured
Yes,Because the teachers are not around to help me
,
,
Yes,I am missing a lot of things which are supposed to be given by my teachers
Yes,The teachers are not around to help me to get new ideas
Yes,The teachers are not around to help me with the school work
No,Safety there
,
,
,
,
,
Yes,Home is Abit safe
No,I'm safe
Yes,I always feel not mixed up with the neighbors.
Yes,Because of other people coming to our home yet I may not know where they are coming from.
No,I always like sitting alone and like to remain at our home only.
No,Because I don't what will happen.
No,Because I am alone there is no gathering at home.
,
Yes,If someone infected visited our house can infect
No,I am following preventive measures at home.
No,There is no problem that makes me worry.
No,We are following preventive measures
,
,
,
,
,
,
,
,
,
,
,
,
,
,
Yes,I don't want to be infected by Covid19
Yes,Because its dangerous
Yes,Because of covid 19
Yes,I want to be safe
Yes,I fear covid 19
Yes,Because covid 19 shut down everything
Yes,Covid 19 is dangerous
,
,
,
,
,
,
,
,
Yes,I don't want to be infected by the disease
Yes,Covid 19 is dangerous disease
Yes,Because no good hospital here
Yes,Because i don't want to be infected by covid 19
Yes,Because make people to stay at home
,
,
,
Yes,The disease spread easily that it can be carried to other people home
,
,
,
,
,
,
,
,
,
,
,
,
,
,
,
,
,
,
,
,
,
,
,
Yes,Because I don't know who is sick who is not sick
,
No,Because I am staying alone at home
,
,
No,We are safe at home
Yes,Because of CoVID 19 it is dangerous disease.
No,Because l keep social distancing from each other.
Yes,Because I shall protect myself from CoVID 19 by washing my hands with water and soap.
Yes,Because of CoVID 19.
,
,
No,I feel safe
,
,
Yes,Because of the pandemic is all over
Yes,Because of the pandemic
Yes,Because the disease is everywhere
Yes,The pandemic is everywhere
No,I feel safe
No,I feel safe at home
Yes,Because it kills people
Yes,Because I am missing a lot things
Yes,The pandemic is everywhere
,
Yes,The pandemic is everywhere
Yes,The pandemic is everywhere
Yes,Because someone can still bring the virus to me at home
,
,
,
,
,
,
Yes,Because i get the virus through people who are visiting me
Yes,I may get the virus
,
,
,
Yes,Some people may bring the virus to me at home
Yes,Because someone else can bring virus to me
,
,
,
Yes,Because the virus can brought by other people.
,
Yes,Because someone can carry the virus to me
,
No,I'm not seeing the effect of the virus
,
Yes,The pandemic is everywhere
,
No,Because Iam alone
,
Yes,The pandemic is delaying my studies
,
,
,
,
,
,
,
,
,
,
,
,
,
,
,
,
,
,
,
,
,
,
,
,
,
,
,
No,Because at home he can't be infected by covid 19
,
,
,
,
,
No,because  I follow    measures 
,
Yes,The pandemic is everywhere
,
,
,
,
Yes,I am not sure if the pandemic is going to finish soon
Yes,The pandemic is everywhere
No,I consider my home safe
,
,
,
,
,
,
,
Somewhat,Am afraid of covid 19
Yes,No fear
,
,
,
No,We are following covid measures so no worry
,
Yes,"During the covid, No movement. Self isolation at home"
Yes,School is my farm. Now am stranded at home
,
,
,
,
,
,
Yes,Am not happy staying at home
Yes,To avoid contact 
Yes,They are not moving out and they keep listen to radio lessons 
Somewhat,Not much
No,Am not save I have to move 
,
,
Somewhat,No schools
Yes,Over work at home.
Somewhat,Becouse I am staying at home 
No,To avoid contact 
Yes,When there is too much quarral at home i feel worried.
,
Yes,Because of COVD 19.
Yes,Because Schools are closed.
Yes,Since people say no social gathering and no physical contacts 
,
Yes,Missing my usually studies.
,
Yes,They lost hope on studies.
,
,
Yes,They may lost hope on studies.
,
Yes,Because of the pandemic
Yes,The pandemic is everywhere
Yes,Because the pandemic is everywhere
Yes,Because I never know when the disease may end
Yes,The pandemic is everywhere
Yes,Because the pandemic is everywhere
Yes,Safety measures have limitions
,
,
Somewhat,No granteer
No,Safety is up to date
No,No thread
,
No,No thread
Yes,Because I never know when the pandemic will get finished
Yes,Because I never know when the pandemic will end
,
,
,
,
,
,
,
,
,
,
,
,
,
,
,
,
,
,
,
,
,
,
,
,
,
,
,
Yes,Because no Hospital here
,
Yes,Stress and lock down
,
Yes,Because of lockdown
Yes,Because no good school
Yes,Because it has no cure
Yes,Because it dangerous disease
Yes,Because no hospital
Yes,I want to live longer
Yes,Because i fear the disease
Yes,I fear the disease
Yes,No good hospital
Yes,I fear the disease
Yes,Because no good hospital here
Yes,No good hospital here
Yes,Because corona virus is dangerous 
,
Yes,Because of corona virus 
Yes,Because of covid 19:
Yes,Because of corona virus 
Yes,Because of covid 19
Yes,Because of corona viuse
Yes,Because of covid19
,
,
Yes,Because of corona virus 
Yes,Because of corona vius
Yes,Because of covid 19
Yes,Corona virus will not infected me 
Yes,Because I fear corona virus
Yes,Because I do not want to be infected by corona virus 
Yes,Because of corona 
Yes,Corona is so bad 
Yes,Corona is bad 
Yes,Because of corona virus 
Yes,Because I fear corona virus
,
Yes,I fear corona virus 
Yes,Because i fear corona virus 
Yes,I do not want to be infected by corona virus 
Yes,I fear corona 
Yes,I want to be safe 
,
,
,
Yes,I fear core na virus 
Yes,Because I fear corona virus 
Yes,Because I fear corona virus 
Yes,Because I fear corona virus 
Yes,I fear Corina virus 
Yes,I fearcovid 19
Yes,Because I fear corona virus 
Yes,Because corona virus is bad 
Yes,I fear death 
Yes,I fear death 
,
,
,
,
No,Because am alone
,
Yes,Because it's pandemic disease
,
,
,
,
,
,
Yes,Because of widespread of virus
,
,
,
,
,
,
,
,
,
,
,
,
,
,
,
,
,
,
,
,
,
,
,
,
,
,
,
,
,
,
,
,
,
,
,
,
,
,
,
,
,
,
,
,
,
,
,
,
,
,
,
,
,
,
,
,
,
,
,
,
,
,
,
,
,
,
,
,
,
,
,
,
,
,
,
,
,
,
,
,
,
,
No,Home is safe
,
,
,
,
,
,
,
,
,
,
,
,
,
,
,
,
,
,
,
,
,
,
,
,
,
,
,
,
,
,
,
,
,
,
,
,
,
,
,
,
,
,
,
Yes,Because I don't know when the pandemic will end
,
,
,
,
,
,
,
,
,
,
,
,
,
,
,
,
,
,
,
,
,
,
,
,
,
,
,
,
,
,
,
,
Yes,Worried of time wasted and disease
,
,
,
Yes,A lot of time is wasted and doing nothing at home
,
Yes,A lot of time wasted and being confined at home
Yes,Alot of time wasted on the disease
,
,
No,We will keep safety measures for covid19
,
No,Am just staying at home and confine
,
,
,
No,Am worried but if you protect yourself by applying safety measures it cannot affect you.
No,"I don,t ineract with more people at home"
,
,
,
Yes,About disease that kill people
,
Yes,Because of disease infection
,
,
Yes,Death
,
,
,
,
,
,
,
,
,
,
,
,
,
,
,
,
,
,
,
,
,
,
,
,
,
,
,
,
,
,
,
,
,
,
,
,
,
Yes,Because virus is dangerous
,
,
,
,
,
,
,
,
,
No,"Because i make sure covid_19 social distancing is maintain at home
"
,
No,Because of social distancing maintain
No,Am alone
,
,
,
,
,
,
,
,
,
No,Social distancing guidelines are in place
Yes,Because no testing kits
,
Yes,It is real
,
,
,
,
,
,
Yes,Because of lockdown
,
,
,
,
,
,
,
,
,
,
,
,
,
,
,
,
,
,
,
,
,
,
,
,
,
No,Not getting in contact
No,Because cases are going low
,
,
,
No,Environment is good we hand wash facilities
No,Because am at home
Yes,Due to social distance
,
Yes,No croud
No,Social distance is good at home
Yes,No over croud
,
No,No croudnes
,
,
No,Am free from Civic 19
No,I observed social distancing 
Yes,Due Covid- 19
,
,
,
,
,
No,We always wash our hands
,
No,"Nothing, I'm safe at home but bored"
,
,
,
,
,
,
Yes,Corona virus is bad 
,
,
Yes,I fear death 
,
,
Yes,I fear corona 
,
,
Yes,I want to be safe 
,
Somewhat,I'm worried about COVID_19 because it is dangerous virus.
Yes,"I don't,want to be infected by any disease "
,
,
Yes,I want to be healthy 
,
,
,
Yes,I fear any disease 
Yes,I fear corona virus 
Yes,Because I fear any disease 
Yes,I fear disease 
,
Yes,I want to live 
Yes,"I  don't,want to be infectedcorona virus "
Yes,My safety is more important 
Yes,"I don't,want to be infected by any diseases "
Yes,I fear the disease
Yes,Lockdown
Yes,Lockdown
Yes,I fear for my safety
Yes,I fear the disease
Yes,Because of lockdown
Yes,No hospital here
Yes,No good hospital here
Yes,No good health facility
Yes,No hospital here
Yes,Because of lockdown
Yes,No hospital
Yes,Yes because no proper hospital
Yes,Because no school
Yes,Because of lockdown
No,Know how to prevent coronas by regular washing of hands .
,
,
,
Somewhat,Problem of Corona
,
,
,
No,Because coronavirus is not in Yei.
,
,
Yes,Because schools are closed and I will be losing a lot.
,
,
Yes,Because at home people are not aware about coronavirus.
No,No coronavirus in Yei.
,
,
,
,
No,Because I don't come into contact with other people.
No,Because I don't come into contact with other people.
,
,
,
No,Because being at home one is safe from getting coronavirus.
,
No,Because am not exposed to other people who may be carriers of Coronavirus.
,
No,Because am secured as I don't come into contact with other people.
,
No,Because I don't come into contact and greet other people.
No,Because I don't come into contact with other people.
No,Because I observe the preventive measures and don't move away from home.
,
Yes,No reponse
No,No response
,
,
,
No,I have learned how to prevent myself 
No,Safe keeping by not greeting each other .
No,Many sickness that kilss apart from coronas.
Yes,Corona virus
,
,
,
,
,
,
,
Yes,Corona virus
,
,
,
,
,
,
,
,
,
,
,
,
,
,
,
,
,
,
,
No,I'm okay
,
,
,
,
,
,
,
,
,
,
,
,
,
,
,
,
,
,
,
,
,
,
,
,
,
,
,
,
,
,
,
,
,
,
,
,
Yes,Because of the spread of this pandemic disease
,
No,Distancing is there
No,Because I am staying with my parents
,
Yes,The Covid 19 pandemic doesn't have a vaccine
Yes,Because if the disease
,
No,Because at home I am more secure than other places
No,In my house I have no worried
,
No,When I am at home I feel more secure than in public places
No,Because Iam at home with my parents
,
,
,
No,Because Iam with my family members
No,Because home is the safest place to stay
No,Because Iam with my family members
,
,
,
,
,
Yes,Insecurity
Yes,People visited may bring illnesses home
No,No iam already living at home
No,My home is safe for me
,
No,No it our home where live before
,
No,No reason am not woried
No,I have fewer contacts at home
No,It my Father home
No,It our home were live already
,
No,I am exposed to risk out side
No,Home is the best for self quarantine
No,Home good in reducing spread of Covid 19
,
,
Yes,I can't support my self due confinement at home
Yes,People may come home and infect us
Yes,No security
Yes,Because of the movements of people at home
,
,
,
,
,
Yes,Because of the movements of people at home
,
,
,
,
,
,
,
,
,
,
,
,
,
,
,
,
,
Yes,Because of the movements of people
Yes,Because of the movements of people
,
,
,
,
,
,
,
Yes,Because I may contract Corona virus with out my knowledge
,
,
,
,
,
,
,
,
,
Yes,Children no longer staying at home and listen to their parents.
Yes,A lot of challenges at home.
Yes,A lot of challenges at home.
,
No,Nothing bad at home.
Yes,I feel safe at home
,
,
No,I follow protective measures
No,No body will come with the virus 
Yes,It has block me from my working place 
,
No,There are measures the are used for protections
,
,
No,I believed there are safety measures installed.
No,We also apply safety measures
No,There are no threat 
,
No,I think our is safe
,
No,Nothing threatening
,
,
,
No,I feel safe at home
No,I feel safe at home
,
No,Aware of preventive procedures
No,Aware of preventive measures
Somewhat,Avoiding physical contact 
Yes,To avoid contact
Yes,People in the village insult you if you don't greet therefor through the disease spread easily
,
,
Yes, To avoid contact 
,
Yes,To avoid contact 
,
,
No,Becouse I am safe 
,
No,Preventive measures is in place by keeping social distant.
Yes,Because it kill people
Yes,It kills 
Yes,It spread quickly and kill people 
,
,
No,It kills
Yes,It kills faster 
,
,
,
Yes,Because the disease have no cure
Yes,Because i want to be safe
Yes,So the disease can not affect me
Yes,No hospital here
Yes,I fear the disease
Yes,Because the disease have no cure
Yes,Lockdown
Yes,I want to be safe
Yes,Because many people fear it that why i worried for m4 safety
,
Yes,Because i fear the disease
Yes,No school
No,No single sign of this covid-19
No,Home is free
,
,
,
,
,
,
,
,
,
,
,
,
,
,
,
,
,
,
Yes,Distance is OK and we are few
No,We have facilities available at home
No,At we have distance
,
No,Am at home safe I can wash my hand
No,"We can wash our hand on time
"
,
,
,
,
,
,
,
,
,
,
,
,
,
,
,
No,Because am alone at my home 
Yes,Because of am health am safety of am family
,
,
,
,
Yes,Am worried because of sperate of disease
Yes,Because of sperate of viurs
,
Yes,Because of sperate of covid-19 
Yes,Because of sperate of viurs to one another
Yes,Because of sperate of covid-19 virus
Yes,Because of covid-19 virus not to be sperate
,
,
,
,
,
,
,
,
,
Yes,Aware of preventive measure 
Yes,Because it can kill 
Somewhat,Our home is safe
,
,
Yes,O don't wants to die
Yes,Because corona can kill
,
,
,
Yes,I'm afraid of getting the virus
No,I feel safe at home
,
,
No,I feel safe at home
,
No,Because our area is hot
No,I feel safe at home
,
,
,
,
,
Yes,Because my family will be running out of food items
,
,
,
,
,
,
,
,
,
,
,
,
,
,
,
,
,
,
,
,
,
,
Yes,I feel safe at home
Somewhat,To avoid contact 
Yes,To avoid their contact with other people 
,
,
,
,
,
,
,
Yes,I feel safe at home
,
,
,
,
,
,
,
,
Yes,I fear corona virus 
Yes,I fear corona virus 
Yes,Corona is bad 
,
,
,
,
,
,
Yes,Being healthy is better 
,
Yes,I need safety 
Yes,I want to get safe 
,
,
,
,
,
,
,
,
,
,
No,I feel safe at home
Yes,I fear covid 19
,
,
,
No,Because Iam staying alone
No,Because home is less crowded
,
,
,
Yes,Because you may contract disease and the is no good health centre
Yes,Because people at home are very ignorance
,
,
,
,
No,Because at home chances of contracting viruses are less
,
,
No,Because I stay with my family members
Yes,Because one may contact Covid 19
,
,
,
,
,
,
Yes,I fear diseases 
,
No,It home where I live and had now known preventive measures
Yes,Covid 19 makes thing difficult
No,I don't More to public place frequently
No,It  my home so no worry
No,It my home where I live before
Yes,Covid 19 have made living different and difficult
Somewhat,Because lam at home
Yes,Because of visits at home 
Yes,Because of the visitors
No,Because I am alone at home
Yes,Because of visitors at home the can come with coronavirus 
Somewhat,I feel safe at home
,
No,Am safe at home
,
No,Am safe at home
No,Am safe at home
No,There is no worry since we abstain from public gatherings
,
,
,
,
No,Am safe at home
No,Because am safe at home
,
,
No,Am safe at home
No,Because at home you are not exposed to the public
,
No,I used my mask mouse and hands sanitizer
No,Am not worried
No,I don't 
,
,
,
No,Am safe
No,Am safe at home
,
,
,
,
,
Yes,Because of covid-19
Yes,Because I dismissed my some activities that related to my income
No,Because I am being at home safely
Yes,"Yes, because i am a business Man in the market"
No,I feel safe at home
,
,
,
,
,
No,O
No,Usually I stay at home
,
,
,
Yes,O
Yes,No enough items for covid-19 to prevent me
,
,
No,O
,
,
No,Because I use to protect my self by using mask mouse and applying hand sanitizer throughout
,
Yes,Because the virus can brought someone to me
,
,
,
,
Yes,Some people do not listen to the guideline and they mixed up with other which I fear most
Yes,I don't wants to die
,
,
,
,
,
,
Somewhat,Because we are liking measure things in the school
,
,
,
,
,
No,Because I am at home
,
,
,
,
Yes,Because I didn't have measure or safety measures at home
Yes,Pandemic
No,Because social distancing is well maintained at home
,
,
,
,
,
,
,
,
Yes,Losing my future if school remains closed 
,
No,Because Iam seperate from public places
No,Constant washing of hands .
No,Because I always wash my hands with soaps 
Yes,Because it kills
Yes,It kills 
No,Self protection
,
Yes,No protection on covid
No,He can protect him self
,
No,He protects him self
No,Self protection
Yes,No social distance
No,She can control her self
,
Yes,It kills 
No,Knows all preveintive measures
No,Self protection
,
,
,
,
,
No,Because I'm free at home
Yes,Because covid19 has become very bad for people
Yes,Because of crona virus is aserious disease that may cause fear and death
Yes,The school can be closed down due to spread 
No,Home is more safer
No,We always wash our hands
,
,
No,Following preventive measures
,
No,Following preventive measures
No,Following preventive measures
,
,
Yes,I am safe 
,
,
,
,
,
,
,
,
,
,
,
Yes,Because of sperate of covid-19 virus
Yes,Because of sperate of covid-19 virus
,
,
,
No,Am safe
,
,
No,Am safe
,
No,No
,
,
,
,
,
,
,
Yes,Some people cough a lot
,
,
,
No,Because at home there is a social distancing .
No,Because there is nothing can infect me at home.
,
No,Because I am safe at home.
,
,
No,Because of CoVID 19 social distancing is in place.
Yes,Because of infection of CoVID 19.
,
,
Yes,Because of other people to visit us in our house.
Yes,Because of CoVID 19 social distancing from one another.
Yes,Because of many people visiting us at home.
No,Because nobody from outside coming to our house.
No,Because no infection of CoVID 19 at home I am alone.
Yes,Because of CoVID 19 infection.
No,Because nobody is coming to our house.
,
Yes,Because other people who are visiting us in our house.
Yes,Because of other people coming to our house.
,
,
,
,
Yes,It's all about protection with the family.
,
Yes,Because of CoVID 19 infection I fear other people who come to our house they may be having Corona Virus.
,
No,Because we keep social distancing from each other at home.
No,Because nobody is coming to our house.
,
Yes,Because of other people who might have CoVID 19 pandemic.
,
Yes,Because of CoVID 19 infection among people.
Yes,Because of other people who visit us may be having Corona Virus disease.
,
,
Yes,Because of other people who might have CoVID 19.
,
Yes,Because of other people who might have CoVID 19 which can infect me.
,
,
Yes,Because of other people who May come to our house have CoVID 19 disease.
Yes,Because of other people who might visit us l feel worried about CoVID 19 infection.
,
Yes,I feel worried about CoVID 19 infection because of other people sometimes who visit us in home.
,
,
,
,
,
,
No,I stay at home with my family
,
No,Stay in a clean environment
Yes,Coronaviru is too dangerous
No,"At home, we are more safe than at school"
,
,
,
,
,
Yes,I trust others. They may affect me in at home once visited.
,
,
,
,
,
,
,
,
,
,
,
,
,
,
,
,
,
,
,
,
,
,
,
,
,
No,Because at home am safe
No,On taking precautionary measures
Yes,Because can spread to any body
,
,
No,Because am safe
,
,
,
,
,
,
,
No,Because the MoH said stay home stay safe
Yes,I care about my life.
,
,
,
,
No,Because I heard on radio stay home stay safe
No,Because we wash our hands frequently and use hand sanitizer or smear our hands with alcohol
No,Because we have hand washing facility at home
,
Yes,Covif-19
,
,
,
,
,
,
,
,
,
,
,
,
,
,
,
,
,
,
No, No
Yes,all the community are worry about that disease.
No,"no covid 19 in our village, we heard in the town"
Yes,i am taking care to my life
Yes,Years are passing alot of difficties
,
,
,
,
,
,
,
,
,
,
,
,
,
,
,
,
No,Because am alone
No,Covid is not here
,
,
,
Yes,Because of visitors who might come home.
,
,
Yes,Overcrowding at home.
,
,
,
Somewhat,Overcrowding at home .
Yes,People are not aware about social distance
Yes,The same answer
Yes,Because I may contract it from visitors
Yes,Corona virus infection is pademic
,
,
,
Yes,Fear Corona affecting children
,
,
,
,
,
Yes,Infected person may come and spread the disease 
,
,
,
,
,
,
,
,
,
,
,
,
,
No,Because I feel healthy 
,
Somewhat,We are well prepared
No,Because it is safe
Yes,It kills people
,
Somewhat,I am keeping my self from covid_19 
Yes,I am not moving up and down 
Yes,I am safe at home 
,
No,I am safe 
,
,
,
Yes,Feeling safe 
Yes,I am at home 
,
,
,
Yes,I am safe 
Yes,To be safe 
,
,
No,At home you can wash your hands and also we have facilities for washing
,
No,You can wash with soap we have enough water at home to fill our hand wash facilities
No,No worry
,
Yes,Children and other people can still carry the virus to me where I'm.
Yes,Most of my activities have stopped
,
,
Yes,Because the virus can be brought to me by other people
,
Yes,Because i don't have time to constrate due to much work at home
,
Yes,Because l need to be safe
Yes,Because l am carrying about my life
,
,
Somewhat,Because COVID19 is dangerous disease which can kill many people in a minute
Somewhat,Due to the Covid-19
,
,
Somewhat,Because of the Covid-19
,
No,I feel safe because it is my place
No,Because I am at home
Somewhat,We are not many at home
,
,
No,I feel safe
,
No,I'm staying with my parents
Somewhat,I feel safe at home
Somewhat,I feel worried
,
,
,
No,Home safety
,
No,Not worried
Yes,Because of corona virus
Yes,Corona  virus shut down schools
Yes,No lessons
Yes,Happen at home
No,Every things stopped
Yes,No school
,
No,It safe at home
,
,
,
,
,
,
No,Unless out of our house.
,
,
Yes,Because i don't have time to constrate due to much work at home
,
Yes,Fear of spread of the pandemic disease from others.
,
,
,
,
Yes,I do follow all steps to combat the pandemic.
,
,
,
,
,
,
,
,
,
,
Yes,I am paid attention for covid-19
No,I am not worries
Yes,Because I am fearing with COVID_19
Yes,Created more poverty
No,Because am at home
No,Feel am safe at home
Yes,We normally follow Covid19 precautionary measures
No,Because am at home and safe
No,At home am safe
,
,
Yes,I feel worried that anytime I can contract the virus
,
,
,
Yes,I have fear that I can easily contract the virus
,
,
Yes,Because i May anytime contract the virus
No,He guides himself
Yes,Because no play and no going to school.
No,She protect her self.
No,I put in place safety measures for Covid 19
No,He takes safety measures for Covid 19 .
,
,
,
,
,
,
,
Yes,Infected person may come and spread the disease
,
Yes,Because it kills
Yes,Because we don't have testing machine in our county and payam.
Yes,"Because once you don't follow the safe measures, will be affected too."
,
,
No,Am sale and nobody is around me 
,
,
,
,
,
,
No,There are safety measures
,
No,Because there is no crowd
,
,
,
,
,
,
,
No,Because I am maintaining social distance
No,Iam applying social distance
No,Because iam protected
,
No,Iam safe
No,Iam applying social distance at home
,
,
No,Iam alone
No,Because I am alone
No,Life is God respnsibility
,
Yes,Covid-19 is killer
,
,
Yes,The environment is not conducive
,
,
,
,
,
,
,
,
,
,
No,I stay at home
,
,
,
,
,
,
,
,
,
,
,
No,Our parents guide us to stay safe
,
,
,
,
,
,
,
,
,
,
,
,
,
,
,
No,Staying at home is safe
,
,
No,Because of the number of people living in one place
Yes,Personal safety are very low 
Yes,I have worries because I have many friends
Yes,We because no reading books
No,I don't have worry be am keeping social distance
No,Because am following the instructions
Yes,I will forget other things which was taught in the school
,
Yes,Because it delay our progress
,
No,It helping because it avoided being in groups
No,Am told not to greet people wash my hand all the time
,
,
,
,
,
,
No,Social distancing is carried out hands washing
,
,
No,Because social distancing has been observed
,
No,No grouping no hands checks with other people
,
,
,
No,Because I will not be in a groups of many people. Social distancing is in place
,
No,I practice social distancing and wearing facemask
No,I stays by my self
,
Yes,Lack of food for the family
,
,
,
No,Social distancing is in place. No grouping
,
,
,
Yes,Be because lack of provision of corona materials.
No,Because I am at home
,
No,Because I am at home
,
,
No,She can to put safety measures in place when she is at home.
No,Safe at home
No,I don't know whether there is Corona here in South Sudan or no
,
Yes,Fear being kidnapped when parents are their work places
No,Because she can able to protect her self.
Yes,My studies will get interrupted
No,I feel safe at home
No,Because she not missing with other people.
No,Because she not mixing with others people.
,
No,Because safety measures are put in place.
No,Home safe5y
No,He is safety
Yes,No business
No,Home is safety
No,Because he protect himself from Covid 19.
No,Staying home is safe
No,Because the Ministry of health said stay home and stay safe
No,Staying home is safe and healthy
No,Because staying home is safe
No,Because I heard in the radio that people should stay home and stay safe wash your hands always
No,Because we have all the preventive measures at home like handwashing tap and hand sanitizer
,
No,Because I heard on radio that stay home stay safe
,
,
,
,
No,Everyone will take care
No,Self care
,
,
Yes,Not learning
,
,
,
,
,
,
,
,
No,Because social places are avoided
,
No,Am safe
Yes,Infected person may come and infect me
No,Am safe with my children at home
,
,
,
,
,
,
,
,
Yes,Because years are going and for us girls it's a different case 
,
,
,
,
,
,
Yes,All the time lam at home so I don't know what is going on out to know new information about Covid 19
Yes,Because l care about my life
,
Somewhat,Because l Care about my life too much
,
No,We follow the preventive measures set by ministry of health 
No,Home is safe
,
No,Am safe 
,
,
,
,
,
,
,
,
,
,
No,Because staying home is safe and healthy
,
,
,
,
,
,
,
,
,
,
,
,
,
,
,
,
No,Because at home WD don't gather together in a big number and washing hands is a routine in my home as you can observe.
,
,
,
,
,
,
,
,
,
,
,
Somewhat,Feeling stress and lonely
Somewhat,Because there is no where to get food
,
,
,
,
,
Somewhat,Because I don't know how I will be affected
,
,
Yes,Because people are not allowed to access medical center
Yes,Hunger
,
,
,
,
,
No,She put in place the safety measures for Covid 19.
,
,
,
,
No,Because she wash her hands and put on face masks.
,
No,We are at home
No,At home
No,I am at home
No,Am at home
Yes,I feared I don't have a soap for washing all the time
Yes,Luck of facilities
No,Am at home
No,Am safe 
No,Am safe
,
No,I just want to work because staying home can make one not to get anything to support the family
No,Because staying at home is safe
No,Staying at home is safe
No,Stay home stay safe is what I normally hear on radio
,
,
,
,
,
,
,
,
,
,
,
,
No,Is world wide
,
,
No,I just stay at home
No,At home is safe
Yes,Am safe at home
,
No,Am safe at home
No,At home am safe as  following precautionary measures
,
,
,
No,Am safe 
,
,
,
,
,
,
,
,
,
,
,
,
,
,
,
,
,
,
,
,
No,No corona virus
,
No,Social distancing
,
No,Social distancing maintain
,
No,Because of social distancing
,
,
Yes,"He is not aware of the full information about coronas and how to prevent myself, modes of spreading of the disease from one person to another."
No,Safety measures are put in place.
,
No,She is not missing with other people so she protect herself from Covid 19
,
No,Home is safety 
No,Home is safety 
No,Home is safety 
Yes,Corona virus 
Yes,Because this sickness have come to live
Yes,Because staying home safe but hard also since we are earning through teaching
No,Because the MoH normally broadcasting that people should stay home for their safety
Somewhat,Staying home is safe
No,Staying home is safe to me
No,Because we have all the preventive measures at home
,
No,Because we are told stay home not to be infected
No,"Because there is social distancing, no grouping"
No,Because I'm at home by my self and no more people.
No,Being at home is recommendable during covid 19 pandemic
No,"Because, social distancing is observed at home"
Yes,"Because covid 19 is a disease which is spreading all over.
"
Yes,Because of the disease called covid 19 pandemic
No,Social distancing is observed.
Yes,"Because the disease can spread through greeting, staying in group and other things."
No,"Because there is no congestion at home. 
No greeting.
Hands washing facilities is available."
No,There is no grouping at home during this pandemic time.
,
No,Because of the social distancing which is observed
Yes,I feels so much because of the disease called covid 19 .
Yes,I practicing social distancing at home during this pandemic time.
No,Am observing social distancing.
Yes,Because of the  covid 19 pandemic which has no cure.
Yes,Because when I'm at home during this pandemic I thinks social distancing is observed.
Yes,Am fearing covid 19 pandemic .
No,I feels safe when at home during this pandemic time to avoid social gathering  and hands checks.
,
Yes,No fence and Criminal might come in
Yes,Wide spread disease
,
No,No worry w have a fence
Yes,Criminal
,
No,Our house is safe
Yes,It is world wide psndamic diaseas
,
,
,
,
,
,
,
,
Yes,Because it doesn't matter where you are still Corona virus can affect since it is an air borne disease
,
Somewhat,Because staying at home safe according to COVID 19 guidelines
No,We are safe at home
No,They are safe
,
No,Am safe at home
,
No,Am safe at home
,
,
,
,
,
,
,
,
,
,
,
,
,
,
,
,
,
,
,
,
,
,
,
,
,
,
,
,
,
,
No,Am safe 
No,Am safe 
No,Am safe 
,
No,Staying home is safe and healthy
Somewhat,"Because if I stay home there will nothing to feed the family members with, I earn through selling in the market"
,
,
,
,
,
,
,
,
,
,
,
,
,
,
,
,
,
,
,
,
,
,
,
,
,
,
,
,
,
,
,
,
,
No,I don't fear anything in my life
Yes,I fear I contract the disease
,
Yes,Insecurity
,
,
,
,
No,He protects him self
Yes,Eating together
No,Because coronas has not killed anybody yet in their village.
,
,
Yes,Because it can attack people any time 
,
,
,
No,Self protection
No,Because no noe so far die of coronas in this village.
,
,
,
,
,
,
,
,
,
,
,
,
,
,
,
Yes,He is not sure because he has not tested the virus and no testing machine even available in the area
,
Somewhat,Not safe because it kills 
,
No,We follow precautionary measures
No,Am safe at home
Yes,Due to high rate of coronavirus infection in the country
,
No,We follow precautionary measures
,
,
,
,
,
,
No,"Follow up the measures by constant washing of hands, social distance etc."
,
,
,
,
,
,
,
No,Because he able to protect himself from the sickness.
,
No,Because she can able to wash hands. Social distance and putting on facemasks.
,
No,"Because safety measures in place such social distance, putting face masks."
No,Because she can able to protect her self and her children from Covid 19.
No,No schools 
,
,
Yes,No schools reopened 
,
,
No,Home is safety 
Yes,Because there is nothing to do to earn income I was making tea at school to earn living since the closure of schools  life because hard
No,Because staying safe and healthy according to the MoH
,
,
,
Yes,Because the Corona virus doesn't have specific place where it can affect people from so staying home is not a solution to me because we do mix anywhere in the market and public places
,
Yes,Because even if at home still Corona virus can affect so am not certain and am missing to learn new things in the school
,
,
Somewhat,We fear about our pupils only only who are moving slot these days 
Somewhat,Children move slot so they may get the virus but I ask them to ways hand when they arrive 
,
No,I have never seen any sick person 
No,I take care of my self
,
No,No fear
,
,
,
No,I know how to take care of myself 
,
,
,
,
,
,
,
,
,
,
,
No, Because I don't want out of our house
Yes,I feel worried because many people are visiting our home from Time to time
Yes,Am safe at home
No,I feel safe
No,I feel safe at home
Yes,I feel safe
,
,
,
,
No,He is safe
,
No,Home safe
No,Home is safe
No,No radio
Yes,Because is Care a bout my life.
No,"Because we care a bout our life, we have all the required materials at home like face mask, hand washing tap and hand sanitizer"
,
,
,
,
,
,
,
,
,
No,Because she is not missing with other people.
,
,
,
,
,
No,I feel safe at home
No,I feel safe
Yes,People do not follow proper guidelines at home
Yes,People feel the disease can't reach in Lopa
No,I'm secured at home
,
Yes,Coronaviru is a dengerou disease which can kill many people
,
,
,
Yes,Coronaviru is a dengerou disease
,
,
,
No,We are fine in the house
No,We are fine
No,I am not worrying about it
,
No,She is safe
Yes,Thieves
No,Iam old
,
,
,
,
No,No need since it is global problem
Yes,It can kill
,
,
,
,
,
,
,
,
,
,
,
,
No,No need 
Yes,No reasons to worry.
,
,
No,Am safe
Yes,It is not easy to follow covid-19 measures.
,
No,Am safe at home
No,"They are safe,they stay only at home."
Yes,The visitors can infect me
Yes,Normal I tell them about coronavirus.
,
No,Home is safe
,
,
,
,
,
,
No,Everyone was at home.
,
,
,
,
,
,
,
No,I hear of covid-19 but I don't know whether it is there or not.
,
,
,
,
,
Yes,"We struggle for our daily bread, one may bring it home to children if they are not careful"
,
,
,
,
,
,
No,Home is safe
,
No,I am at home and safe
No,We are fine in the house
,
,
No,I am at home and our safe
No,I am safe
No,I am at home
,
,
,
,
No,Because he can put all safety measures for Covid 19  when he is at home.
,
No,Because he can able put safety measures for Covid 19.
No,Because she no meeting other people.
,
,
,
,
Yes,Because we care about our life
,
No,Because staying home is safe and healthy
,
,
,
Somewhat,Staying home is safe but earning money for living and to feed the children is very hard since now days even business is not doing well
,
,
Yes,Because am seeing my dream is failing so at least if school reopen I will achieve my goals and dreams
,
Somewhat,Because life without work is very hard and the standard of living is declining due to being at home
No,Stay home is safe and healthy according to the MoH
,
Yes,I know am safe
Yes,Because of media report
,
,
No,Am safe because I don't move.
No,They are safe because we follow covid-19  measures.
No,Am safe at home
,
,
,
Yes,Missed alot from School
,
,
Yes,Teachers will ensure safety of all children at school and we keep the m at home.
,
,
,
,
,
,
,
,
,
,
,
,
,
,
,
,
,
,
,
,
,
,
,
,
,
,
,
,
,
,
,
,
,
,
,
,
,
Yes,Because her sisters move to work in place so she worry about their status as they are missing with other people.
,
,
,
,
No,Home.is safe
,
,
,
No,We know how to take care of ourselves 
,
,
,
,
,
No,I am alone in my house
,
,
,
No,In school there are hand washing facilities 
,
,
,
,
,
No,We take care of ourselves 
No,Safety is there 
No,My father tells about how to take are 
,
,
,
,
,
,
,
No,Our house is safe
,
,
No,We are fine and safe at our house
No,No great contact
,
,
,
,
,
Yes,Any person with Corona can come at our home and infect me
Yes,Because I feel I can easily contract Corona from visitors who come to my home
,
No,I feel safe at home
,
,
,
,
No,I feel safe at home
,
,
No,I feel safe at home
,
,
,
No,Because life is better to care of 
,
,
,
Yes,Because corona virus is the most dangerous disease
,
,
,
,
No,Staying home is safe and healthy according to WHO guidelines
Somewhat,Though staying home is safe and healthy but in other way round it we are also losing especially in education 
,
,
,
,
Yes,I need to achieve my dream so staying home is making me lose hope
,
,
,
,
No,No and worry 
,
,
,
,
,
,
,
,
,
,
,
No,No many contact
No,No contact
,
No,Because washing hand frequently
,
,
,
,
,
,
,
,
No,No contacts
,
,
,
,
,
No,Am safe at home
,
No,No am safe because I follow preventive measures
,
,
,
Yes,Am safe at home
Yes,Because we follow the precautionary measures
,
No,Home is home
Yes,Normally I used face mask senitizer and wash my hands
,
Yes,Because visitor can easily come to our home
,
,
,
,
Yes,"Yes ,because covid- 19spead from person to person by touching each other or touching the object being touch by a person with it"
No,No crowd at home .
No,Home is safe.
,
No,I feel safe at home
No,I feel safe at home
Yes,I feel safe at home
No,Prevention is better than cure 
,
Yes,Because we losing a lot in education
Yes,An idle mind is evil always
Yes,Am not doing much education wise because everyone at home is busy no one helping me in my studies
,
,
,
,
,
,
No,Because he can follow the safety measures for Covid 19.
,
Yes,Because she no sure of her stutas because she not check herself from Covid 19. 
No,Our house is safe
No,Our house is safe
,
,
,
No,We are safe at home
No,My family is safe
,
,
,
,
No,Because our safety
,
,
,
,
,
No,I don't feel worried
Yes,Bad influence of their friends
,
,
,
,
,
,
,
,
Yes, Because I don't check hand of others.
,
No,I used social distance.
,
,
,
,
Yes, Because social distancing was in place.
,
,
,
,
,
,
,
,
,
,
,
,
,
Yes,Because staying in one place is not good for health
,
,
,
,
,
,
,
Yes,Economic problems
,
,
Yes,No school
Yes,Covid19
Yes,Death
,
,
No,Home is safe
,
,
,
Yes,Because of the virus it effects the learners
,
,
Yes,Because it may effected with the virus
Yes,Because to the virus
,
,
,
,
,
,
,
Yes, Yes I informed by Head teacher.
,
,
,
,
,
,
,
,
,
,
,
,
,
No,Because we are following the COVID-19 preventive measures set by ministry of health.
,
,
,
,
,
No,Because my parents are supportive towards my education
,
,
,
,
,
,
,
No,Because it is not as serious as we taught it would be.
No,Corona is not a serious disease.
Yes,Am afraid of visitors whose status I don't know.
No,We are not going out to visit neighbours.
,
,
Yes,Staying home is safe and healthy according to the the ministry of health and WHO
,
,
No,I learned from MoH that staying home is safe and healthy
Somewhat,Staying home is safe and healthy but missing a lot of learning
No,Staying home is safe and healthy according to the information I got over the radio from Ministry of Health
,
,
,
,
,
Yes,"My family is big, so it can be transmitted easily. "
,
,
,
,
,
,
,
,
No,I am alone 
Yes,No study and work
,
,
,
,
,
,
,
,
,
,
,
,
,
,
,
,
,
,
,
,
,
,
,
,
,
,
,
,
,
,
,
,
,
,
,
,
No,No case of covid-19 reported in my area at all. We were at home because we were told to stay home.
No,It's safe at home
No,We hear of covid-19 cases but non has been reported in our area.
,
,
No,I don't interact with many people
,
,
,
,
,
,
,
,
,
,
,
,
,
Yes,One may contract covid-19 easily because people don't observe social distancing
No,No threat in my area
,
,
,
,
,
,
,
,
,
,
,
No,It is safe to go to school going to the market
,
,
,
,
,
,
,
,
,
No,Because their no worried went staying at home since we are under family protection from getting infection from covid 19
Yes,Because of getting infection from others
No,I don't feel worry because I am protecting my self
,
,
,
,
,
,
,
,
,
,
,
,
Yes,Because I don't have facemask
No,People are few at home
No,Home is not congested like school
Yes,There's no way people keep social distance from home.
No,Because movement is controlled.
No,Because I am protecting myself.
,
,
,
,
,
,
,
,
,
,
,
,
,
,
,
,
,
,
,
,
,
,
,
,
,
,
,
,
,
,
,
,
Yes,Because Corona is widespread
,
No,Social distancing
,
,
,
,
,
,
,
,
,
,
,
,
,
,
,
,
,
,
,
,
,
,
,
,
No,The security of the home is gauranteed.
,
,
No,Because of little movement.
No,Because I don't move any how in the community.
,
,
,
,
,
Yes,Fear of getting married early.
,
,
,
,
,
Yes,No hand washing facilities
,
Yes,People don't follow coronaviru guidelines
Yes,People are more relaxed at home
,
,
,
,
Yes,People feel coronaviru doesn't exist
Yes,Everyone relaxed when it comes to coronaviru guidelines
No,Proper guidance by the parents
Yes,People don't follow social distancing
,
,
,
,
,
,
,
,
,
No,We will advise the children to stay at home
No,I will advise them to follow social distancing
,
Yes,Difficulty in regulating children at home
No,I will advise them to respect the elders
