Q57_What is the quality of the radio lessons? ,Q58_How can the radio lessons be improved?
,
,
,
,
Fair, Distribution of radios and provision of solar power and dry cell for radio charging
Good,Provision of enough radios with solar power and power bank for charging it
,
,
,
,
Fair,Distribution of radios to students with solar power for charging it.
,
,
,
,
,
,
,
,
,
,
,
,
,
,
,
Fair,Government  should  avail radios to all the candidates 
Fair,Increase the time period for the lessons 
,
,
,
,
,
,
,
,
,
,
,
,
,
,
,
,
,
,
,
,
,
,
,
,
,
,
,
,
,
,
,
,
,
,
,
,
,
,
,
,
,
,
,
,
,
,
,
,
,
,
,
,
,
,
,
,
,
,
,
,
,
,
,
,
,
,
,
,
,
,
,
,
,
,
,
,
,
,
,
,
,
,
,
,
,
,
,
,
,
,
,
,
,
,
,
,
,
,
,
,
,
,
,
,
,
,
,
,
,
,
,
,
,
,
,
,
,
,
,
,
,
,
,
,
,
,
,
,
,
,
,
,
,
,
,
,
,
,
,
,
,
,
,
,
,
,
,
,
,
,
,
,
,
,
Not good,Timing is very hard
,
,
,
,
,
,
,
,
,
Good,We more radios to be provided to the learner's
,
,
,
,
,
,
,
,
,
,
,
,
,
,
,
,
,
,
,
,
,
,
,
Not good,There's no improvement even
,
,
,
Good,It need teacher to go slowly
,
,
,
,
,
Not good,There's no improvement I can say
Not good,I'm not going to talk about it
Not good,No
Not good,Nothing
,
,
,
Fair,There's no improvement even
,
,
Fair,It a teacher to guide learners 
,
,
,
,
,
,
,
,
,
,
,
,
,
,
,
,
,
,
,
,
,
,
,
,
,
,
,
,
,
,
,
,
,
,
,
,
,
,
,
Good,"The teachers or facilitators should not be very fast ,pronunciations should be clear and the lessons should be hooked to the local radio stations."
,
,
,
,
,
,
,
,
,
,
,
,
,
,
,
,
,
,
,
,
,
,
,
,
,
,
,
,
,
Good,They should repeat what they teach
,
,
,
,
,
,
,
,
,
,
,
,
,
,
Fair,Extend radios to our school for easy access 
,
Good,Extend the service at school level by providing more radios
,
Not good,She wants see her teacher while teaching so that she understands better 
Fair,Moderators can report the lessons if some one didn't understand well.
Very good,The presenters should make the people aware of the time and general timetable so that every body is alert and ready with his /her radio.
,
,
,
,
Fair,Provision of radios to every homestead if the teaching over radio is going to continue for our children.
,
,
,
Good,Extend the service down to the village level so that every body can listen to .
,
,
,
,
,
,
,
Not good,Extend it to all villages 
,
,
,
,
,
,
,
,
,
,
,
,
,
,
,
,
,
,
,
,
,
,
,
,
,
,
,
Fair,Adding more time.
Fair,Shortened the minutes lessons
,
,
,
,
,
,
,
,
,
Fair,Explanation must be made clear
Fair,If they can be on tv is better
Fair,Provide of more desk in schools for children to maintain social distance 
Good,No idea 
,
,
Not good,Teachers are to repeat the question twice
Very good,No answer
,
,
Very good,Distribution of radio to many listerners
,
,
,
,
,
,
,
,
,
,
,
Good,To improve the teaching
Very good,I do not know
Very good,It should increase the time of lesson
,
,
,
,
,
,
,
,
,
,
,
,
,
,
,
Fair,By providing radios
,
,
,
,
,
,
,
,
,
,
,
,
,
,
,
,
,
,
,
,
,
,
Fair,Connection of the network.
,
,
Very good,"Good explanation by teachers
Slow down the speed"
Fair,Let the teachers be given capacity building on radio lesson
Not good,We don't know
Good,By conducting courses 
,
,
,
,
,
Good,Good network all time and provision of power for charging it
,
,
,
,
,
Fair,"Enough radios to be distributed to houses.
Improvement of the network "
Fair,Provision of charging materials or dry cells
Good,Distribution of radio and provision of solar power
,
,
,
,
,
,
,
,
Good,Listening.
Good,Providing more radios and carrying out awareness
,
,
,
Good,The teachers should go at the phase of the learners and when doing the recap enough time should be given to them.
,
Not good,Local teachers that pronouns that local learners can hear well
Fair,Increase on coverage
Good,Use of local stations
Good,Much time should be given to the teachers for their lessons and should be daily.
,
,
,
,
Fair,Unless the number of hours are increase.
Fair,Unless the number of hours are increase.
,
,
Fair,"Getting trained teachers, making sure the radio network is all over the country, ."
Very good,"It's because of CoVID 19 infection, these lessons would have been taught in the school."
,
,
Very good,By providing power bank
,
,
,
,
,
,
Good,"The students should be given a chance of free call because sometimes we, the students don't have enough air time for calling."
,
,
,
,
,
,
,
,
,
,
,
,
,
,
,
,
,
,
,
,
,
,
,
,
,
,
,
Good,By adding more subject
Very good,Unless to distribute radios for those who don't have
Very good,We need time table for subjects
Very good,Using full time table
,
Good,We need all subject to be taught like CRE and the others
Good,We need other subject like CRE
Good,Provision of text books and radio tape
Good,Provision of radios
Fair,We needs radio at home
,
,
,
Good,By provision of radios to the families
,
,
Not good,To be more interactive
,
Good,Provision of good network
,
,
Good,By giving more chance for asking questions
Very good,Unless they distribute radios
,
,
,
,
,
,
Good,To have many radios distributed to the people.
,
Very good,Learners should be put at the center of the learning. Teachers talk less and learners talk more
Very good,The same program should be applied to all local radios
Good,More explanations is needed
Good,Enough time should be given to learner to participate
Very good,"Radio program can't help, the only thing is, the schools should be opened so that we learn from the class"
Very good,"No need for radio program, it is easy of time "
,
Very good,More radios should be supplied to learner s
,
Very good,By supplying radio to all learners
Very good,It needs slow explanations
Fair,Unless the schools are opened
Very good,Slow explanations
,
Good,Needs more explainations
Very good,No
Good,There's no radio lessons shall be heard.
Very good,Nothing to be done.
Good,To give all people radios and study at home.
Good,To stop study on radio lessons.
Good,Improve on the pronunciation of words and time allocation.
Good,To be distributed to the school learners.
,
,
,
,
Good,Educative and incoming.
,
,
Not good,Gdgffdfdff
Good,To listen to all times.
Good,To listen to the radio all the times.
Good,More radios to be distributed to all people.
,
,
Very good,Slow explainations
,
Very good,By supplying all the households with radios
,
,
,
,
,
Very good,"I don't have radio, I could tell u"
,
Fair,Needs slow explainations
Very good,Slow explainations
,
,
,
,
,
Not good,I don't know
,
Not good,Just open the school
,
,
,
,
,
Not good,Distribution of radios to all homes
Good,Slow explanations of the subject is needed by the presentors
,
,
Good,Enough time to  be allocated for all the classes
Fair,By distribution of radios to learners and allocate enough time
Good,There time as to be increased and professional teachers are to be given the chance to teach
Good,Provision of free line and provision of radio to the pupils.
Very good,Increase of subject such as art section subject.
,
Fair,Art subjects need to be introduce 
Very good,All words need to be spell
Fair,More explanation need to be done.
,
Good,Art subject lessons to be introduce 
,
,
Fair,More practical lessons
Fair,To increase more practical lesson
Fair,Will improve when all the citizen have radio at home
Fair,More lessons in a week
,
,
Good,Let the lessons time for broadcasting be added 
,
,
,
,
,
,
,
Not good,I don't know 
,
,
,
Not good,I don't know 
Good,"By extending to rural areas , donating radios to all homes"
Fair,Schools should be reopen instead of radio lessons
Good,"Provision of radios to each students and power to avoid buying cell, time table should be change to evening or afternoon when learners are out of garden, it should be in all over radio including stations at state level."
Good,Provision of radios to schools
,
Not good,Radios should be distributed to all schools to help learning
Not good,Expand the radio courage
Fair,Turned well
,
Good,More time needed
Good,The radio program is ok
,
,
Good,Radio should be provided to those who doesn't have
,
Very good,It's good
Very good,It's good
Good,Provide radio
,
,
,
,
,
,
,
,
,
,
,
,
,
,
,
,
,
,
,
,
,
,
Fair,I don't know. 
,
,
,
Very good,Needs everyone to have radio
Very good,Needs many people to have radios
Good,Extension of the program to the rural areas and provision of radios to everyone
Good,Needs more radios to be provided to everyone
Good,Extension and needs radios to be given to everyone
Good,Improvement in the network and provision of radios to everyone
Good,Provision of radio to each student
Good,The government should supply the learners with radios
Good,Extension to all states
Good,Extension to all payams
Good,Needs provision of radios to the learners in groups or individual
Good,It needs to be extended to all areas
Good,Time should be extended
Good,Improve network coverage and extension to the other locations
Good,Improvement and extension of radio coverage
Good,Extension to the rural areas
Very good,The organizers may extend the time to at least 2hours
Good,Improvement in the radio program by extension of the coverage
Good,Needs every learner to have a radio
Good,Extension
Good,The government should supply radio
Very good,The time for listening should be extended
Very good,Extended to all areas
Very good,It should extended to rural areas
Good,Needs provision of radios to every learner
Very good,Needs provision of radios to everyone
Fair,Extension of radio coverage and improvement in the network system
Good,Extension of radio coverage to the rural areas
Good,Extension and provision of radios to the learners
Good,Needs everyone to have a radio
Good,Extension of radio coverage
Good,It is good program to keep learning
Good,Needs radios to be given to everyone
Good,The time should be increased
Good,Extension of radio coverage to all areas
Good,Extension of radio coverage to all areas 
Good,Schools should be reopened for our children 
Good,Coverage extension
Good,Provision of radios and extension of radio coverage
Good,Provision of radios to the learners
Good,Extension of radio coverage to all areas
Good,Network should be improved
Good,Extension of radio coverage
Good,Needs more radios to the learners
Good,Network coverage
Good,More radios to be provided
Good,Extension of radio coverage
Good,More radios to be supplied
Good,Extension of radio coverage to all areas
Good,Distribution of radio to all the learners
Fair,Increasem of frequency
Fair,Increase the frequency
Good,Sometimes the network is problems
Fair,Increase the frequency
,
Fair,The booster need to be improved.
Fair,Frequency need to be increased
Good,"Duration of the radio need to be extended 40 minutes for one lesson.
The time table need to be scheduled for each lesson"
,
,
,
,
,
,
,
,
,
,
,
,
,
Good,To be in schools & Radio togather
,
,
,
,
,
,
,
Fair,By distribution of free radio.
Good,By at least 2hours a day.
,
,
,
,
Fair,Through distribution of free radio.
Fair,By give us good radio.
,
,
,
,
,
,
,
Fair,Chance of calling free to ask questions and more clarification
,
,
Good,Stable coverage and good power
,
,
,
,
,
,
Fair,By provision of free radio.
,
Very good,Enough time should be given to the learners to participate
Fair,"Provisions of radio to the learners, enough time for Learners to participate in the lesson,"
Very good,Slow explanations
Good,Interactions in needed for better understanding
,
,
,
,
Good,Enough time for the program
Good,By increasing the duration of the lessons
,
,
Not good,"To me there's no way it be improved, let schools open "
Good,The time for lessons are short 
Fair,Increase time of the lessons. 
,
,
Good,The programs should be aired out daily
Good,The time should be increased
Good,The net work should be improved  and  the time needs to be  increased
Very good,Slow explanation
,
,
,
,
,
,
,
,
,
,
,
Fair,They should talk slowly and use simple English 
,
,
,
,
,
,
Very good,By attending it all the time.
,
,
,
,
Good,Having more radio
,
,
,
Good,Distribution of radios
Fair,Distribute more radios
,
,
Fair,Provide radio with solar system
,
,
Good,I don't know
Good,By giving more time for the lesson
Good,According to vice of teacher
,
,
,
Very good,Time for the program should be favorable
Very good,Slow explanations
Very good,"Enough time for the lesson, there's need for equal participation of learners"
,
Very good,"Slow explanations, pronunciations should be clear,  we the learners should be put at the center of learning"
,
Very good,"Good presentation, need for Learners to participate"
Very good,Let lessons be for both Arts and Science students
Good,Decentralizing the programs the various states lacal radio stations would catch more learners.
,
Good,The teachers who are presenting the lesson should reduce the speed
,
Very good,Increase the time and revising
,
,
Very good,Slow explanations
,
,
,
Good,Radio lessons to be introduced through TV
Good,Time for a period  to be increase and  the teacher time table to be announced to the learner's.
Good,Other subjects need to be introduced
Good,Additional subjects to be introduced
Good,Reduce volume
Good,Fine tune the radio 
Fair,Increase time for Learners to ask questions
Good,Increase the volume
Good,Fine tune the radio for people to get clear information
,
,
,
,
,
,
,
,
,
Fair,"Can be improve by providing more mobile radios , availability , time frame "
,
,
,
,
,
,
,
,
,
,
,
,
,
,
,
,
,
,
,
,
,
,
,
,
,
,
,
,
,
,
,
Fair,Increase radio coverage
Not good,It is not possible like if some homes doesn't have radios they will not benefits from the radio
,
Fair,More subjects should be introduced.
Very good,More radio stations should be established.
,
,
Fair,Distribution of radios.
Fair,More topics should be introduced.
Good,More stations needed
,
,
Not good,Provide more radio station to reach other remote area
Fair,By providing radio to some area
Not good,By providing the information all to some area
Fair,At least they should add more time for discussion
Fair,They should add 45 minutes
,
,
Good,More FM need to be involved
Good,I don't know
Good,More stations
,
,
,
,
,
,
,
,
,
,
,
,
,
,
,
,
,
,
,
,
,
,
,
,
,
,
,
,
,
,
Not good,"Availability of radios to every child is encourage
Lecturing should also be slowly"
,
Fair,Providing more radio to the community
,
,
,
Good,Reopen schools instead of lessons over radio
Good,Reopening of school for the children so that they continue learning
,
Fair,"Reopening of school is better instead of listening over radio, the presenters should present base on the new curriculum."
,
,
,
,
,
,
,
,
,
,
,
,
,
,
,
,
,
,
,
,
,
,
,
,
,
,
,
Very good,The power to available
Fair,Unless when the children are attending
Good,Unless all the children are given radios
Good,By improving the network
Very good,By encouraging the children to listen always
,
,
,
Good,We need more radios
,
,
Good,Providing radios to students 
Good,Distribution of radios to pupils 
,
,
,
,
,
Fair,Maybe by distributing the radios to every household across the country.
Fair,"It would be good if it's brought down to our local radio stations, if also they can bring the program to our schools and involve our teachers to guide us and those lessons in Art section that are not included in the program should be included. "
,
Not good,I actually don't know. 
Fair,Let the explanations be slowed down. 
,
,
,
,
Good,"By adding other subjects that have not included in the radio lessons. 
By distributing radios to the learners. 
The time  for the lessons are too short, so time for the lessons should be increased. "
,
Good,By including subjects that are not being taught in the radio lessons because they are all vital. 
,
Good,Introducing other subjects that are missing in the radio lessons. 
Fair,"By giving radios to people who don't have them.
They can also allow people listening to discuss and call back. "
,
,
,
,
,
,
Fair,Lessons should be tough in class.
,
,
,
,
,
Fair,Need for television
,
,
,
,
,
Fair,I don't know
,
Good,Give more time for lessons
Good,Give more time for the lessons.
Good,Give more time for learning and asking questions.
Very good,"Give more time,pre record and play on weekends so that if you missed, can catch up"
Very good,"Other subjects like CRE to be introduced,More time give"
Good,Increase the time and also replays on weekends
Good,Allocate more time and give note questions
Good,Give more time
Very good,Increase the time
Very good,Increase the time
Very good,More time given
Good,Increase the time
Good,More time given
Very good,They can be taught daily and let the signals reach hard to reach areas like Koch
,
Fair,Provide all learners with radios and widen the radio coverage.
,
Fair,The teachers need to widen the questioning time for the learners
,
Good,There should be lessons in the evening at 7- 10 :00PM
Fair,Every household should have a functional radio
Not good,"There should be question time, distribution of more radios for every household"
,
,
,
,
,
,
,
,
,
,
,
,
,
,
,
,
,
Good,Enough time be allowed to  all subjects to allow more time frame(2-3hrs) per lessons
,
,
,
,
,
,
,
,
,
,
,
,
Good,Get more time added to the lesson being aired
Good,More time allocation to make it possible to meditation
,
,
,
,
,
,
,
,
,
,
,
,
,
,
,
,
,
,
,
,
Very good,Extend the radio coverage
Very good,Beacuas of good network
,
,
,
,
,
,
,
,
,
,
,
,
,
,
,
,
,
,
,
,
,
,
,
,
,
,
,
,
,
,
,
,
,
,
,
,
,
,
,
,
,
,
,
,
Not good,"No, benefits in radio lessons"
,
,
,
,
,
,
Good,By improving the network
,
Fair,I don't think so
Fair,I don't like radio lessons
,
,
,
Fair,I don't know
Very good,Hey man
,
,
,
,
Good,It can be improved if they can repeat the lessons for those miss
,
,
,
Very good,People need to be serve with radio. 
,
,
,
,
Very good,Learners need to be serve with radios. 
,
,
,
,
,
,
Good,Adding more time
Not good,Other areas whic has no coverage should be provided with network. Providing of radios to the schools 
Good,Providing radios to all schools 
,
,
Fair,Distribution of radio to everyone
,
,
,
,
,
,
,
,
,
,
Fair,Distribution of radio to wide community so that everyone will have access to learning
Very good,Distribution of radio to all the listeners
,
,
,
Good,"The learner's need radios and copied  
Of textbook"
Good,Other  subjects need to be introduced
,
,
Not good,Distribution of radios is the solution
,
,
Good,Distribution of rdios to students
,
Good,Introduction of other subjects
Good,Repeat the lesson
Good,By repeating it and should be short
,
Good,Provide radios to students and repeating lessons
,
,
,
,
,
,
,
,
,
,
,
Good,Reopening of schools 
,
Good,To extent the time to be long 
,
,
,
,
,
,
,
,
,
,
,
,
,
,
,
,
,
Not good,Add more network receptor
,
,
,
,
,
,
,
,
,
,
,
,
,
,
,
,
,
,
,
,
Fair,"they should  add locals  languages,  so that  the lower  classes  can  understand   the  topic."
,
,
,
,
,
,
,
,
Fair,through  the distribution  of radio  to all schools  in  country.
,
,
,
,
,
,
,
Good,Provide more radio
,
,
,
,
,
,
,
,
,
,
,
Fair,Distribution of radio to all pupils in our school.Also our school should be reopen
,
,
,
,
,
,
,
,
,
,
,
,
,
,
,
,
,
,
,
,
,
,
,
,
,
Good,By distributing radios to the learner's
Fair,Opening of school is the only solution
,
Good,The time of the lesson need to be increased
,
,
,
,
,
,
,
,
,
Fair,Distribution of more radios among the learner's
Fair,We need source of energy
,
Good,We need more time for the lesson
,
,
,
,
,
,
,
Fair,More time should be given to learners participate across the country
,
,
Fair,The same program should be taught in local radios 
Fair,Provisions of the same program to local radios in all States
,
,
,
,
,
,
,
,
Fair,I don't know
Very good,Provisions of radios to the parents/ learners
Very good,Let the lesson continue
,
Good,By distribution of free radio.
,
,
,
,
,
,
,
Good,By giving more time for radio lesson.
,
,
Good,I don't know
,
Good,Not possible because I don't have radio
Good,Adding other subjects on air
Fair,Distribution of radios to the learns 
Good,Distribution of radios 
Not good,Reopening of the schools
Fair,Nothing during the time they should spell it well to make it clear 
,
,
,
,
,
Good,Through having good network 
,
Fair,We need good network 
Fair,Just improve good network 
,
,
,
,
,
,
Fair,Bring more radios.
Fair,Provide more radio & reduced  on sheep
,
Fair,Provide learners with more radio
Fair,Government should reopen schools
Fair,Provide learners with more radio
Fair,Provide learners with more radio
Fair,Provide more radio to learners
Fair,Provide more radio
Fair,Because to managed the radio is heard 
Fair,Provide more radio to learners
Fair,Provide radio to learners
Fair,Provide learners with more radio program
Fair,Provide learners with more radio
,
Fair,Reduced on sheep of the lesson on radio
,
,
Fair,Because it's too expensive to buy radio to same parents
Fair,Provide more radio to the lesson
Fair,Provide more radio to the learners
Fair,Provide more radio to the the learners
Fair,Provide radio to learners
Fair,Provide more radio to the learners
Fair,Provide more radios to the learners
Fair,Provide enough radios to the learners
,
Fair,Provide more radios to the learners
,
,
Fair,Provide more radio
Fair,Provide more radios to the learners
,
,
,
,
,
,
,
,
Fair,Reduce the sheep & more revise on radio
,
,
Good,More time needed 
,
,
,
,
,
,
,
,
,
Fair,Provide learners with more radio & reduce sheep
Fair,Provide learners with more radio 
,
,
,
,
Fair,Provide learners with more radios
Fair,Provide learners with more radio
,
,
Not good,Supply of radio to the parents 
,
,
,
,
,
,
,
,
,
,
,
,
,
,
,
Fair,More radios to be disturbed
Fair,Need of more radio to distributed
Fair,More radio to be distributed to learners
Fair,More radio to available for learning
Fair,More radio needed
Fair,More radio needed
Fair,More radio are needed
Fair,More radio are needed
Good,More radio are needed
Good,More radio are needed
Good,We need more radio to be distributed
,
,
,
,
,
,
,
,
,
,
Good,Provision of radio and power for it
,
,
,
,
,
,
,
,
Fair,Lectures should be aired out slowly
,
Not good,Nothing
,
,
,
,
Fair,Not sure
,
,
Fair,"Distribution of radio to every household,local radio should have education on air & translation of lessons into local languages for lower classes"
,
,
Not good,Support us with good radio with solar panels on it 
,
,
,
,
,
,
,
,
,
,
,
Good,By distributing radios all over the area
,
,
,
,
,
,
,
,
,
,
,
,
,
,
,
,
,
,
,
,
,
,
,
Good,Listening care fully
Fair,Giving more radios to learners 
Fair,More radios can be distributed 
,
Not good,"Distributing radios ,"
,
Fair, More radios should distribute 
Fair,Distributing more radios 
Fair, Distributing more radios 
,
Fair,More radios should be distributes 
Fair,Distributing more radio 
Fair,Distributing radios 
,
,
,
,
,
,
,
,
,
,
,
,
,
,
,
,
,
,
,
,
,
,
,
,
,
,
,
,
Good,Provide with power
,
,
,
,
,
,
,
,
,
Very good,Provision of power
,
,
,
,
,
Not good,Provide good quality of radio
,
,
,
,
,
,
,
,
,
,
,
Fair,Increase the time
,
,
,
,
,
,
,
Fair,By bringing the radio lessons to all our local radio stations. 
,
,
Not good,By taking the lessons to other radio stations and broadcasting them at various time frames 
Fair,Unless the schools are open
,
,
,
,
,
,
,
,
,
,
,
,
,
,
,
,
,
,
,
,
Good,It will be improved by including all the classes and the radio coverage
Good,It needs extension to all areas
Good,Extension of the time for all the subjects
,
,
,
,
,
Good,Needs me to have a radio
,
,
,
,
,
,
,
,
,
,
,
,
,
,
,
,
,
,
,
,
,
,
,
,
,
,
,
,
,
,
,
,
,
,
,
,
,
,
,
,
,
,
,
,
,
,
,
,
,
,
,
,
,
,
,
,
,
,
,
,
Good,Distribution of radios to every student
,
,
Good,Distribution of radios
,
,
Good,Distribution of radios
,
,
,
,
,
,
Good,Everyone must have a radio at home
,
Good,Distribution of radios
Good,"Increase time
Phone line should contain free hotline
Not only at FM but also in local Radio stations"
,
,
,
,
,
,
,
Good,Distribution of radios to the schools 
,
,
,
,
,
,
,
Good,The time will be extended to more than one hour
,
,
,
,
,
Good,Extended to all areas
,
,
Good,Provision of radios to the learners
Good,Extension of radio coverage to all area
,
,
,
,
,
Good,Needs radios to be given to the learners
Good,Extension of radio coverage
Good,Extension of radio coverage
Good,Extension of radio coverage for all learners
Good,Make network stronger and repeat lessons more and more
Good,Must be repeated
,
Fair,Make signal stronger and repeat lessons many times
Good,Make signal powerful
Fair,Make radio available to all and improve signal functions
Good,Provide radios and strengthen the signal
Good,Wave should be corrected
,
Good,Providing radios to students and make radio signal stronger
Fair,Provide radios and make radio network stronger and lessons should be repeated
Good,Signal or network and repeated lessons
Good,Lessons must be repeated
Good,Make radio clear and repeat lesson
Good,Providing radios and made it coverage stronger
Good,Extension of radio coverage to all areas of county
,
,
Good,Extension of radio coverage
Good,Network coverage
Good,Extension of radio coverage in the areas around the county
Good,Supply more radios and slow the lecturing speed
,
,
,
,
,
Good,Supply more radios and repeating the lesson
Good,Repeating lessons and supply many radios
Good,There is need to get some teachers to make follow up with the learners who attend lessons and those not attending.
Good,Teachers should go at the phase of the learners listening to the radio lessons and all subjects should be taught.
Good,"All activities should be followed by those teachers involved in the radio lessons, Mark them and give feedback to the learners."
Good,To improve on pronunciation and spelling of words.
Good,Nothing.
,
Good,By distribution of radios
Good,Distribution of solar radios to all students.
Good,Distribution of radios to learners
Good,Distribution of solar radios to all students
,
,
,
,
,
,
,
,
,
,
,
,
,
,
Fair,More radio to be distributed to all learners
Good,More radio are needed
Fair,Distribution of more radio
Good,More radio are needed
Good,More to be provide to all learners
Fair,More radio are needed
Fair,More radio needs
,
,
,
,
,
,
,
,
Fair,Two subjects may added and pronouciation to adjusted
Good,More radio to be distributed
Fair,More radio to be distributed
Fair,More radio to given to learners
Good,More radio are needed
,
,
,
Fair,The radio lessons can be improved by supplying more radios and lessons should be repeated for better understanding
,
,
,
,
,
,
,
,
,
,
,
,
,
,
,
,
,
,
,
,
,
,
,
Fair,It will not be improved 
,
Good,If you can provide radio with solar energy to avoid the issue of power
,
,
Fair,By providing radio 
Good,No
Very good,Nothing.
Good,To improve pronunciation.
Good,To help my children in studies.
,
,
Good,By giving us more radios
,
,
Very good,Extension of radio coverage and provision of radio to the learners
Good,Coverage of the radio and time frame
Good,Improvement of radio coverage
Good,Network coverage
Good,I don't know
Good,I don't know
Very good,I don't know
Good,By extension of network coverage
Good,It needs extension of network coverage
,
Good,Provision of radios to all learners
Good,Extension of radio coverage
Good,To improve the quality of network
,
,
,
,
,
,
Fair,By provision of radios and textbooks.
Not good,Use both languages Arabic and English
,
,
,
Good,By improving telephone network to gives more chance for asking questions.
Fair,To giving out radios to the families
,
,
,
Good,By improving network
,
Good,They should use simple language
,
Not good,They should use Arabic too
,
Good,Network coverage
,
Fair,Distribution of radio and introduction of other subjects 
,
Good,Provision of radios to the learners
,
,
,
,
,
,
,
,
,
,
,
,
,
,
,
,
,
,
,
,
,
,
,
,
,
,
,
Good,Learning through television
,
,
,
,
,
Fair,will be improved  of we have more radios   at  homes. 
,
Good,Coverage for all areas
,
,
,
,
Fair,Extension of radio coverage to all areas of concern
Very good,Coverage extension
Fair,Provide more radios to Learners
,
,
,
,
,
,
,
Fair,Reduce the speed especially during maths
Good,Adding more radios and books/pens
,
,
,
Fair,No response
,
Fair,"Decentralized the radio learning to local radio
Reduce the speed of the teachers"
Good,"Increase the time for the lesson 
Employ some teachers to do some follow-up to learner's and guide them
Reduce the speed such that learner's can understand
Incorporate all the subjects like RE"
,
,
,
,
,
,
Good,"Distribution of free radio
Include all the lesson"
Very good,They should distribute the radios around the area where there's schools 
Good,"Distribution of radios to the student.
Radio with a solar "
Fair,It can't be improve due the situation in South Sudan
Fair,Is much better to reopen the schools 
,
,
Fair,We want the schools to reopen
Good,Extend time and reduce speed of teaching.
Fair,Distribution of radios to the schools 
Fair,Distribution of radios 
Very good,Provision of radio to all learners.
,
Good,Increase time.
Good,Increase teaching time.
Not good,The government's are the right people to improve it 
,
Very good,Increasing time.
,
Fair,Distribution of more radios to the learners.
,
,
Good,Distribution of radio to learners without access to the radio.
,
Very good,The time needs to be increased to two hours
Very good,Coverage of the network to areas
Good,Extension of radio coverage to all areas of concern
Good,Extension of radio coverage
Good,Coverage to all areas of the county
Good,Network coverage
Good,By repeating lessons and supply more radios
,
,
Fair,More radios should be provided
Good,By providing more radios and repeated lessons
Fair,It must be improved by strengthening radios station and use considerable speed during lectures
,
Good,By reducing speed of speech during lessons
Good,Network
Good,Network coverage
,
,
,
,
,
,
,
,
,
,
,
,
,
,
,
,
,
,
,
,
,
,
,
,
,
,
,
Fair,More radio are needed
,
Fair,More radio to distributed
,
Fair,More radio to be given to learners
Fair,More radio to be distributed
Fair,More radio to be distributed
Fair,More radio to be distributed
Fair,More radio to be distributed
Fair,More radio to be distributed
Fair,More Radio to be given to learners
Fair,More radio to be given to learners
Good,More radio to be distributed
Fair,I teachers not to be very fast
Fair,More radio to be Distributed
Fair,More radio are needed
Good,More radios should be distributing 
,
Good,More radios should distribute 
Good,"Distribute radios ,teaching always ,"
Good,Distributing more radios 
Good,"Distributing more radios ,recording lesson "
Good,More teachers should be employ
Fair,Increase of times 
,
,
Good," distributing  more radios , distributing phone call ,improving network coverage"
Not good,No way to make good 
Good,More radio
Not good,"Distributing radios ,"
Good,"More radio ,distributing"
Not good,Radios distribution 
Good,Radios distribution 
Not good,"Radios distributing ,"
Not good,"Radios distribution ,"
Good,More radios 
Fair,Radios distribution 
,
Fair,"Radios distribution ,Torch's "
Good,Radios distribution 
Very good,Just distributing more radios 
Very good,More radios 
Good,"Radios distribution ,improving net work coverage ,more toll free should be provides ,"
,
,
,
Fair,More radios should be distributing 
Fair,Distributing more radios
Not good,"Radios distribution ,"
Very good,Distribution of more radios 
Very good,Distributing more radios 
Fair,More radios 
Not good,More radios 
Fair,Distribution of more radios 
Not good,No teacher 
Good,"Radios distribution ,"
,
,
,
,
Good,"Reducing speeding, provide radios to schools"
,
Good,Reducing speeding
,
,
,
,
,
,
Very good,By training people who will in turn train us in villages
,
,
,
,
,
,
,
,
,
,
,
,
,
,
,
,
,
,
,
,
,
,
,
,
,
,
,
,
,
,
,
,
,
,
,
,
,
,
,
,
,
,
,
,
,
,
,
,
,
,
,
,
,
,
,
,
,
,
,
,
,
,
,
,
,
,
,
,
,
,
,
,
,
,
,
,
,
,
,
,
,
,
Good,"Slow explanations, enough time for each lesson should be considered"
,
,
,
,
,
,
,
,
,
,
,
,
,
,
,
,
,
,
,
,
,
,
,
,
,
,
,
,
,
,
,
,
,
,
,
,
,
,
,
,
,
,
,
Good,Provision of radio to the learners
,
,
,
,
,
,
,
,
,
,
,
,
,
,
,
,
,
,
,
,
,
,
,
,
,
,
,
,
,
,
,
,
Good,Sensitize the learners and let them know timebfor lesson and provide more radios
,
,
,
Good,Improve the frequency and provide more radios
,
Fair,Ny improving quality of freequency
Very good,"Have a good radio, enough power available all the time."
,
,
Very good,Distribute more radios to households
,
Good,Distribution of more radios to the communities 
,
,
,
Very good,Proper connection with frequences and more radios be distributed
Very good,More radios be given to learners
,
,
,
Good,Frequency be improve and more radio be distributed
,
Very good,Mire radios be given to school learners
,
,
Very good,Improve frequency and distribute more radios
,
,
,
,
,
,
,
,
,
,
,
,
,
,
,
,
,
,
,
,
,
,
,
,
,
,
,
,
,
,
,
,
,
,
,
,
,
Good,Network needs to be improved
,
,
,
,
,
,
,
,
,
Good,"1. Teachers or facilitators should be little bit slow.
2. More examples.
3. Repeat the steps three times
4. Timetable for lower and upper classes.
5. Sms should be introduced for p8_ s4.
6. Good remarks by facilitators. Eg. Good, well done, good trial, 
7. Toll free number should be repeated many times."
,
Not good,"1.Provision of radios for all Learners
2. "
Not good,"1. Provision of radios to all Learners.
"
,
,
,
,
,
,
,
,
,
Very good,"1. Facilitators should be about slow
2. Facilitators should spell new words especially in readable subjects"
Good,"1.recap of the last topic.
2. You can not ask a question.
3.Online classes especially for upper primary and secondary school.
4. Math can not be taught on the radio"
,
Good,"1. Continuity of radio lessons to help dropped out children
2. "
,
,
,
,
,
,
Good,More radio to be distributed
,
,
,
,
,
,
,
,
,
,
,
,
,
,
,
,
,
,
,
,
,
,
,
,
,
Fair,Distribution of radios to the  pupils
Good,Distribution of radios is the most important thing 
,
,
,
Good,We need more time for practice
Good,More practice
Good,We need time table for each subject
,
Fair,Sometimes net work is poor
Fair,Radio should function on time
Good,We need more time 
,
Fair,Coverage should be impowered
,
,
Good,Audio records lessons and saving in to flash cards and distributed to schools across the country
Fair,"Record all lessons and practicals and save them into flash cards in videos and audios format, then send them to schools across the country."
Not good,Make children educational videos and save them on the flash cards.Forward them to every school in South Sudan.
,
,
,
,
,
Fair,Distribution of solar radios to all students
,
Good,"Good network.
Full power.
Provision of radios to all students."
,
,
,
,
,
,
Good,Radios distribution 
,
,
Not good,"Radios distribution teacher must teaches slowly ,"
,
,
Good,"Provides net works ,"
,
,
Good,Distributing more radios 
,
Good,Network improvement and charging materials improvement
Good,"Net work to be provides ,teachers must slowly "
,
,
Fair,"Present don't, know"
,
,
,
Good,Radios distributing 
Fair,Distribute more radios 
Not good,Using all local languages 
Good,"More radios ,provides not work "
,
Good,"Distribution radios ,"
Good,It suppose to keep going 
Good,To distribute more radios 
Not good,More radios 
Good,More radio to be given to learners
Good,More radio needed
Good,More radio to be distributed
Good,More radio to be given to learners
Good,More radio to be given to learners
Good,More time needed for the radio lessons
Good,More radio are needed
Fair,More radio are needed
Fair,More radio needed
Good,More radio are needed
Fair,More radio needed
Fair,More radio
Good,More radio
Fair,More radio are needed
Good,More radio to be given to students
Not good,Is better schools to be reopen than listening over radio has can't reach to whole locations
,
,
,
Fair,Distribution of radio to community
,
,
,
Fair,The radio lessons should be recorded and broadcasted through the local radios.
,
,
Good,There should be teachers at a specified location to guide the learners and the teachers should be slow in order to cater for the slow learners.
,
,
Good,The teachers should explain clearly so that one can understand.
Good,The teachers should be slow and the pronunciations should be clear.
,
,
,
,
Good,Radio lessons should be guided by a teacher.
Good,Radio lessons should be guided by teachers and pronunciations should be clear.
,
,
,
Fair,Teachers should take into account individual differences and should be particular teachers to guide the learner's at a certain designated centres.
,
Good,Radio lessons should be guided and the teachers should improve their pronunciations.
,
Good,There should be teachers trained to guide the learner's on the radio program.
,
Fair,The radio lessons should be guided by teachers in some designated centres.
Good,The lessons be recorded and broadcasted through the local radio stations and there should be teachers who are trained on the radio program to guide the learner's.
Fair,There should be teachers to guide learner's on the radio program and most of the families and learner's do not have radios.
,
Very good,Provision of radios to schools or student
Good,"More time
Introduce arts subject"
,
,
,
Very good,By extending to all the counties especially in rural areas 
Very good,Distribution of radio to students to continue learning lessons even if schools reopen.
Very good,Distribute radios to every learners at home so that they continue learning.
Fair,By providing FM stations
,
,
,
,
,
,
,
Fair,Open FM station
,
,
,
,
,
,
,
,
,
,
,
,
,
,
,
,
,
,
,
Good,Availability of more radio
,
,
,
,
,
,
,
,
,
,
,
,
,
,
,
,
,
,
,
,
,
,
,
,
,
,
,
,
,
,
,
,
,
,
,
,
Not good,"Provision of radios to students, energy sources, time of broadcasting lessons should be lengthen"
,
Good,"Time for broadcasting to be increase, time questions should be increase, More radios to provide, subjects broadcast should be increase etc"
Not good,"If there are to be improved, then the network should be be improve, time if broadcasting should be increase etc"
,
Not good,"Network to be improved, more radios to be provided, time of broadcasting to be lengthen"
Not good,There is no way the radio lessons can be improved unless the schools are reopen
,
Not good,"Poor network be improved, radio be provided, time for broadcasting be lengthen etc"
Fair,"Radio lessons can be improve through provision of radios to students, lengthening broadcasting time etc"
,
Fair,"Radio lessons should be be broadcast in other stations like radio Jonglei 95.9 FM, Peace radio, voice of reconciliation etc"
Fair,Radio lessons can be improved by lengthening the broadcasting time
,
,
,
Fair,"Time to be lengthen, other radio stations should broadcast"
Fair,Provide more radios to the students/schools
Fair,"By lengthening the broadcasting time, provide radios to students."
,
,
,
,
,
Fair,Favour all subjects
Not good,Provide learners with radios and bring Teachers to local radio
Not good,Radio lesson should be change by reopening of schools
Fair,Slow the lesson speed of teaching radio lessons by extending duration
,
Not good,No need better TV show 
,
Fair,I am not a learner of radio lessons so I don't known
Not good,Increase time or duration for a lesson
Not good,Government to distribute radios to all learners
Not good,No need for radio lesson but schools should re open
,
Fair,No need for radio lesson
Very good,Lower speed during teaching on radio
Not good,Give all students radios and more times to ask questions
,
,
Fair,Provision of radio to all learners
Good,No way it can be the best method of learning
Not good,All subjects be taught on radio
Fair,Needs slow expaination
,
,
,
,
,
Fair,There's need for provision of the same program to all local radios
,
,
,
,
,
,
,
,
,
,
,
,
,
,
,
,
,
Fair,Enough time should be given to each lesson
Fair,Enough time for each lesson
,
,
,
,
,
,
,
Very good,Distribution of the radio to many people and learners
,
,
,
,
,
,
,
,
,
Good,Increase time.
Good,Increase the time.
Good,Distribution of radios to learners.
,
Good,Distribution of radios to Learners and extension of learning time.
Very good,Unless to distribute radios
,
,
Very good,"The time given is very short and that cannot allowed student to ask questions.
Some teachers also teaches very fast and that need to be adjusted
The lessons also need to be recorded so that they can be played again and again"
Fair,Time should be enough 
Fair,Radio lessons are to be given more times
,
Fair,By providing more radios and repeating lessons
,
,
Fair,Slow speed during lectures make more understanding
Fair,By repeating lessons and going slowly to help slow Learners get the lesson well
Good,Repeat lessons and speak slowly
,
Good,By providing more radios and repeating lesson
,
Fair,By lecturing slowly and improving radio sound wave
,
,
,
Good,Some people don't have radio
Good,Many people don't have
,
Good,Extent the FM in all the counties for easy access for the learners
Good,Distribute radios in all the school.
Good,Distribution of radios 
Fair,Only thing is to reopen the schools
Good,All the household should have a radio at home
,
,
Good,Distribution of radios to the parents 
,
Good,Distribution of radios 
,
,
Good,Distribution of radios 
,
Good,Needs for radio at all level
Good,Provide time table to all target group so that every body will listen to when the time comes
Good,Distribution of radio for learners in the school 
Good,Distribution of radios in all villages 
,
,
Good,More radios should be given to schools 
Good,The coverages should reach to all villages 
,
,
,
Very good,More radio needed
Good,More radio to be distributed to all learners
Fair,We need more to cover every one
Good,We need more radio
Good,More radio are needed
Fair,More radio needed
Good,More time needed for Explanation
Good,Time for boardcasting to increase
Very good,We need more radio to be distributed to learners
,
Good,More radio to be given to learners
Good,Time for explanation to be increase to two hours
Good,Provision of radios to all parents/Learners and phones for communication
Good,Provision of radios to all learners
,
,
,
,
,
,
,
,
,
,
,
,
,
,
,
,
,
,
Good,Subject time table
Good,We need CRE lesson also to be taught in the radio
Very good,All lesson to be taught
,
Good,Coverage should be Strong
Good,We need more time for exercise
,
,
,
,
,
,
,
,
,
,
,
,
,
,
,
Good,It's need to be adding more time such that it's can covered  for our learner
Very good,It's need to be extended the coverage such that we will hear it clearly
,
,
,
,
Good,To improved the radio we need it to coverages should covered all our areas 
Good,We need the radio coverage should reach all location of areas
,
Very good,I need the channel should improved such that we will hear it clearly
Not good,It's need to impover the channel
Not good,Impover the channel to such to covered the our eara
Good,To impover the coverage around our areas 
,
,
,
,
,
,
,
,
,
Good,Extend the radio programme in all the villages.
Good,Provision of radio to the community
Fair,Provision of textbooks
,
,
Good,Provision of radio
Good,Provision of radios and the teachers should go slowly
,
,
,
Fair,Provision of textbooks
Good,I don't have any idea
,
,
Fair,They should include video
,
Not good,I don't know
Good,Nothing can improve it because it is something new
,
,
,
,
,
Not good,To minimize other programs
,
,
,
,
,
,
,
,
,
,
,
,
,
,
,
,
,
,
,
,
,
,
Good,I don't know
Good,To follow the time 
Good,"The repetition of the lessons.
Distribution of radios "
,
,
,
,
,
,
,
Fair,I don't know
,
,
,
,
,
,
,
,
Fair,"To distribute more radios ,provides good network "
Very good,Just to make it continues 
Good,"Distributing radios ,teaching slowly ,"
,
,
,
,
,
,
Fair,"More radios ,improve net work "
,
Good,Distributing radios 
Fair,"Seminar  can done through block leaders  distributing more radios to the family of learners ,especially the poor "
,
,
,
,
,
,
,
,
,
,
Very good,We video
Not good,"I don't, know "
,
,
,
Fair,"The only way to improve radio lessons is by providing students with radios, installation of solar panels in schools, increase the broadcasting time, etc"
Not good,"Lengthening broadcasting time, improving network, supply sources of power etc"
,
,
,
Good,"Lessons time should be increase, teachers should also be engage in order to couch the students"
Not good,The only way to improve radio lessons is to lengthen broadcasting time and also giving time to students to ask questions
,
,
,
,
Fair,"Lengthening broadcasting time, give time for response among other things"
,
,
Good,"The radio lessons can be improve by increasing the broadcasting time, improving the network etc"
Not good,"Provision of radios to students, lengthen the broadcasting time."
,
,
,
,
,
,
Fair,"More radios ,good net work "
,
Very good,Increase the number of teachers in radio lesson
Fair,I don't have idea
Fair,No way due to lack interaction
Fair,Free line to call
Not good,No needs for radio lesson because not everybody have radio or listening
Fair,Increase lessons duration and give question to learners as evaluation
Not good,By getting rsdios
Fair,By providing radios to all students and dictation of note through radios
Fair,By providing radios to all learners 
Fair,By increase time for lessons 
Fair,By providing radios to all students are  learning on radio lessons
Good,Distribute more radios to the learner's
,
Good,More radios distributed
,
Not good,Provision of radios to the community
Not good,The issue of radio lessons won't help the children no matter how much improvement is made
Not good,Schools should just reopen
,
,
,
,
Not good,Schools should be reopened
Good,Bring this program  down to the local radio stations and even the local population provided with radios
,
,
Good,We need our own teachers to teach us
Very good,It should be brought  down to the grass roots i.e involving the local radio stations and teachers
,
Fair,O
Not good,Schools should reopen
Not good,The only way is to reopen schools
,
,
,
Not good,It is not necessary.schools should be reopened
Not good,By reopening schools is the only way
,
,
,
,
,
Not good,Radio should be distributed to the learners so that they should participate
Good,Radio should be distributed to the students so they can able to learn more
Not good,Lower classes can not practice enough on radio
Not good,It's not good to the lowest classes
Good,Providing more radio to the students.
,
,
,
,
,
Good,They should provide us with physical radio
Not good,Through giving radio
,
,
,
Not good,Need to be improve through many radio program which are operating local here and not through mirya-Fm only
Fair,"Giving enough time, "
,
,
Not good,O
,
,
Fair,Through giving each and every schools radio
,
Good,Improving the network 
,
,
,
,
Good,By giving people more chance to ask question
Fair,I don't use to it so much therefore I can't comment
,
,
,
,
,
,
Fair,I don't think
,
,
,
,
,
Fair,Teacher in the grass root need to be add to the program
,
,
,
,
Not good,No improvement
Good,Proper network
Good,Bringing more radios to all school
,
,
,
,
,
,
,
,
Fair,By providing every school with radio
,
Good,Provision of radio to learners is very important
Good,Should be put in all the county HQ for easy access.
Good,Extent to people in the counties
Good,Provision of radios in all the household 
Good,Experience teachers should be the one to teach
Good,Schools should be opened so that they can understand well
,
Good,The time should be fixed not to be changed every time
Good,"They should improve on how to talk on the radio, because there are first learner's and second learners"
,
Not good,Teaching slowly for them to understand
Not good,By setting a fixed time for learner's
Fair,By telling learner's to sellect their own time
Fair,By repeating what have been taught
,
Fair,If schools are reopen there should be radios given to all the lessons in group so that they continue listen to it while concentrating with lessons in the class
Good,They teachers who are presenting lessons on radio should be trained to cater for the slow learner's among the pupils
Not good,By taking slowly on the radio
,
,
,
,
,
Good,By providing power or solar
Very good,The ministry of education need more radios programs for teachers and students at the same time so that children must learn from the radios
Very good, Students need more radios so that the can aquire more knowledge
Fair,I t need more time to improve level of education
Fair,By distributing more radios and students to be given enough time when giving lessons
Fair,Improve awareness
,
,
Fair,Distribution of solar radios
,
Fair,Distribution of solar radios
Good,Distribution of solar radios
,
,
Fair,Reopening of the schools 
,
,
,
,
,
,
,
,
,
,
,
Good,We need to improved the network and channel
Good,It's need to impover the network and extend it
,
,
,
Good,"Reducing speeding, provide radios, provide power to school"
,
,
Good,"Provide  radios, reducing speeding, provide power"
,
Not good,I don't know.
,
,
,
,
,
,
,
Good,FM radio station be opened in every county
,
,
,
Fair,Good network and to distribute many radios to schools.
Not good,To reopen the schools is the only way to improve on the lessons.
,
Good,No
,
,
Fair,Nothing
Fair,To have many radios at home.
,
,
Good,To have my own phone or radio at home.
Fair,To improve on pronunciation of words.
Good,To improve on pronunciation of words.
Good,To distribute many radios to school.
Good,Not at all.
Good,To improve on lessons.
Very good,To distribute many radios to the school learners.
,
Good,To update school children about good things.
Not good,Nothing
,
,
,
,
Good,To distribute many radios to the parents with their families.
,
Good,There is a need for support from all the teachers to improve on hard subjects.
,
Good,I don't know how it could be improved.
Good,I don't know how the lessons could be improved on over the radio.
,
Good,"No, nothing to be improved on."
,
Good,To give us radio in our schools.
Not good,Nothing to improve on.
,
,
Good,Nothing
,
Fair,Nothing to be improved.
,
,
Good,When the school is opened radio lessons could be improved on by the teachers and learners.
Good,Nothing.
,
Very good,To improve on pronunciation of some words in English.
,
,
,
,
,
,
Very good,Through more elaboration
,
Good,Fine tune the radio
Fair,There is need for the mobile network to be constructed in the County
Good,Improve the quality of the radio
,
,
,
,
,
Good,Radios are not at everyone's reach. There is a need radios are available to all for a smooth coverage
,
,
,
,
,
,
,
,
,
,
,
,
,
,
,
,
,
,
,
,
,
,
,
,
,
Very good,No idea
Good,Some lesson for kids should be included in the program
Good,Through allocation of specific station for lesson
,
,
Fair,At a group  learners should be thought from all the areas before air lesson in the radios to help out their colleagues
,
,
,
,
,
,
,
Fair,Improve on the time to me it should be when children have eaten in the evening at 7:30 Pm to 9:30 Pm
Good,No need of the improvement
,
,
,
,
Good,Yes they should announce the time of next lesson every day
Not good,The lesson should be in the evening when parents are at home to monitor the children and guide them 
Not good,Should allow us to ask what we have not understood
,
Not good,I don't know
,
,
,
,
,
,
,
,
,
,
,
,
,
,
,
,
,
,
Good,I don't know.
Good,i don't known
Good,provide network
Good,network ti covered all the area.
Good,More time need to be given to learners to call
,
,
,
,
,
,
,
,
,
,
,
,
,
,
,
,
Good,the teachers should be fluent and audible
Fair,I don't understand other things so they need to repeat the same things taught for more times.
,
,
,
Fair,I need more explanation.
,
,
Fair,Introduction of some subjects.
,
,
,
Fair,Trained teachers should be provided .
Fair,"I don't want radio lessons,let government reopen school"
Fair,Let school be opened.
Very good,Availing of radio to many people
Very good,"Distribution of radio to many people,so that it may ease the learning to the learner's or Target group or Target audience"
,
,
,
Not good,By simplifying the language
,
,
,
,
,
Very good,Teacher should be ready to answer any call from learners
,
,
,
,
,
,
,
,
,
,
,
,
,
Fair,I don't know. 
,
Not good,They should distribute radio in all house hold
Not good,Radio to be distributed to students
Good,Radios should be provided in the school so that we continue listening to it 
,
Good,The volume is not loud 
Good,Distribution of radios 
Good,Need good explanation 
,
Fair,Distribution of radios 
,
,
,
Fair,Distribution of radios 
Very good,Distribution of radios 
,
,
,
Fair,Distribution of radios 
Fair,Distribution of radios 
,
,
Good,We need coverage to be strong so that everyone can listening to the radio
,
Good,We need more time for practice the new words
Fair,Network connection
,
Fair,By using simple language
Good,By using simple language.
,
,
Good,By improving telephone network and giving enough chance for asking question
,
Fair,Not to me l like the teachers be neare me.
,
Fair,Added more time to the lessons
Good,Improved through announcing the time of lessons everyday
,
,
Good,Can be improved through announcing the exact time of lessons 
Fair,I don't think lesson on radio can improve
,
,
Not good,No improvement
,
Fair,I don't think it can be improved
Good,I don't have any idea
Good,"I have no, idea"
,
,
Fair,They should also use Arabic language
,
Fair,I don't know
Fair,I don't know
Not good,I don't like it
,
,
,
Good,More time
,
Not good,No answer
Not good,Open schools
Not good,Needs more times
Good,Give more time
Good,More time
Good,More time
Not good,More time
,
Good,More time
,
,
,
,
,
,
Very good,It's good
,
,
Fair,Not to me l like the teachers be neare me.
,
Not good,By ensuring that it should not continue but only schools should be open for proper lessons delivery to all learner's.
,
,
,
,
Not good,There should be extension and establishment of radio stations all part of the states and counties.
,
,
,
,
,
,
,
,
,
,
Good,Is good for listening lesson through air
Very good,It improve my educational
Good,Due to improve my education
Very good,"Let them increases the subjects to be 5, and time to be extended at least 2hours."
Good,Time  for broadcast should be extended
Good,Encouraged door to door teaching
Fair,"1.should be live on Television
2.school Should be reopened"
Not good,Through broadcast it on television
Fair,Nothing but schools should be reopened
,
,
Fair,I don't know
,
,
,
Good,The periods or time being increased
,
,
Fair,No idea
Good,Need special radio for radio lessons.
Good,More time to spend on Radio lessons.
Good,More time to be added.
Good,Enough time to be given for radio lessons.
Good,Privion of Radio to the households.
,
,
,
,
,
,
,
Good,Lessons should have to be replay always
,
Fair,Provide radios to every homesteads
Fair,Extent the station to all the counties and villages 
Good,Extend the coverage in all the locations especially in  rural areas.
,
,
Good,The coverage of the subject must be considered 
,
,
,
,
,
,
Fair,By giving it many times
,
Good,Using machines for voice projection
,
,
,
,
,
,
,
Fair,Allocate enough tmie
Fair,Provision of raio
Good,Allocate enough time for the lesson and provide radios to the learners
,
Fair,I don't know
Fair,Allocate enough time
,
,
Good,Radio need to provided to the learner's
Good,More subjects need to be introduced
Good,More subjects need to be introduced
,
Not good,For me no improvement
,
,
Not good,I think
,
,
,
,
,
,
,
,
,
,
Good,Fine tune the radio
,
,
,
,
,
,
,
,
,
,
,
Very good,Proper maintenance
,
,
,
,
,
,
,
,
,
,
,
,
,
,
,
Fair,The timing is hard for learners
,
,
Good,Increase the time
Good,"Speed by instructor have to be reduce, sometimes lack of radio within if possible it have to be provided to parent "
Fair,They should add more time
Good,Add more time
Not good,The time should be enough
Fair,Time should be at least twice a day
Fair,The lesson should be at least slowly
,
Fair,Provide some radio in some locality
,
Good,It is good that way
Fair,Explain in others languages
,
,
,
,
,
,
Good,Should be introduced in locals radio's
,
,
Good,All learners should be provided with radios
,
Good,It should be extended to local radio's
,
,
,
Good,To give more time for lessons
,
Fair,Local radio's to be introduced
Fair,"Network coverage to be 100%.
"
,
Fair,Government to distribute radio to the learners
,
,
,
Good,"Radio coverage should be improve.
Some teachers should be taken from States to give lessons on radio not marry a fm"
,
,
,
Not good,The government or Ministry of Education should  reopen schools and advice it partners to equip learners with corona materials.
Good,Teachers need to be included
,
Fair,Parents and teachers need to be included
,
,
Good,Nothing to be changed from radio lessons.
Very good,The speed should be reduced
Good,There should be clear explanation during teaching by the teachers who are at the radio stations
,
Fair,The same topic taught should be repeated for several times for easy understanding
Fair,If they are teach in radio they should  repeat the questions and the lessons.
Not good,The same lessons should be repeated for several times for easy understanding
Good,The Government should distribute radio to every household
Very good,To her things are okay she understands well during radio lesson.
Good,Need for enough time during radio lessons something of one hour.
,
Very good,Lessons have to continue over weekend atfer school opened.
Good,Give more time
Good,Give more time
Good,Give more time
Good,More time
Fair,There is need for qualified teachers to present the radio lessons.
Good,Time of each subject should be announced in other station every evening such that the students will know the program of the next day
Fair,It should be broadcast in all the local languages
Not good,Arabic language should be used
Good,They should use Arabic language for us in lower classes such that if other people are not at home we shall understand the teaching
Not good,Time and they should use Arabic language sometimes
Fair,Arabic should be one of teaching languages
,
Fair,Time should be in the evening when we finish domestic work
,
,
,
,
Not good,Affect others that don't have radio at home
Not good,Time of lessons be change
,
,
Good,No idea
,
,
,
,
,
,
,
,
Good,Radio be distributed at schools
,
Fair,By availing more radios 
Fair,Enough time to be given
Good,Provision of more radios to school children
,
,
,
,
,
,
,
,
Not good,"Provide radios to learners, make sure their are radio stations in all the counties"
,
,
,
,
,
,
Fair,The time of the lessons should be added
Good,To be having different time for every class
,
Fair,We need the time to be changed if possible late evening from 8:00pm to 10:00pm
,
Not good,"- provision of radio sets to all families.
- Radio stations should be set up in Counties."
Not good,I don't know
,
Good,By giving more time
,
,
,
,
,
,
,
,
,
,
Good,Timing should be improved
,
,
,
,
,
,
,
,
,
,
,
,
,
,
,
,
Fair,"-Provide radio sets to all families school going children.
-Tgs government should  make sure radio coverage reaches remote areas.
-provide recorded lessons and a player to learners who have no radios at home to listen."
,
,
,
,
,
,
,
,
,
,
,
Fair,Few programs with enough time
Fair,Few programs with enough time
,
,
,
,
,
Fair,Radio should reach many areas with strong signal and few programs
,
,
Fair,Strong signal and few programs
Not good,Strong signal and few programs
,
,
,
,
,
Very good,They have to present it everyday.
,
,
,
,
Good,No problem things are clear.
,
Good,We are staying with out school it can help
Good,More time to be git
Fair,I don't know
Good,Time
Fair,I don't know
Good,Time
Good,Time
Good,Provision of more radios 
Good,Provision of more radios
,
Fair,If there could be a way to provide radio for all the parents at home it will be better
Not good,Timing is hard
Not good,Timing should be improved at least in the evening
Good,They should buy phone for every pupil
,
,
,
,
,
,
,
,
,
,
,
,
Fair,Let it be for upper class
,
,
Not good,"Only way school to reopened because some subjects need
Teachers to explain "
Not good,"1.Public announcement to be made to create awareness
2.Teaching should be done on Television."
Not good,Should only be teaching English
,
Not good,Not interested on radio lessons only preferred teachers
Not good,"Radios to be provided to learners.
Telephone s should be provided to the parents to give feedback"
,
,
,
Good,Provision of more radios 
,
,
,
,
,
,
,
,
,
,
,
,
,
,
,
,
,
,
,
,
Good,1. Provision of radios for all Learners.
,
Fair,"1. Facilitators have used little bit of local language
2. Facilitators should be about slow.
3. Provision of radios to the pupils and students.
"
,
Good,"1. Provision of radios to the community
2. "
,
Fair,"1. Facilitators should be slow in giving lessons.
2. One facilitator at once
3. "
,
,
Fair,A listener should have his/her personal radio for easy access.  Presenter should review the previous lessons before going to new thing.
Good,It was okay radio lessons have to continue.
,
Fair,Mathematics lessons should be simiplied in order to understand easily.
,
Good,Give more time 
Fair,More teachers 
Good,More teachers 
Not good,Giving us another radio 
Good,The timing should be improved
Good,The time should be extended to 2 hours at lease
Not good,The timing is hard because it is only for one hour
Good,The time should be improved
Not good,The timing is hard for us especially we girls to follow
Very good,Time should be changed to evening 
,
Good,The language should be changed to Arabic
Good,Local radios should be part of the program
Good,Local radios to be involved to carry out radio lesson
Fair,It should be broadcast in local radios.
Good,local radios to participate  in giving lessons.
Good,"Mathematics should be given enough time.
Time should be extended from 10am - 1pm"
Good,Local radios should do the same
Good,Uses of simple English and local languages.
Good,Teachers to uses simple English.
Fair,Radio coverage must be extended to reach some areas.
Good,Include local languages on radio lessons
,
Fair,Includes the use of local languages on local radios
Fair,"Government to distributes radios to the learners.
Includes the uses of local languages on radio lessons."
Fair,"Involved the uses if local languages.
Distribution of radios to the learners.
Improve radio coverage."
Good,"Government to distributes radios to the learners.
Local radios should be part of the program."
Good,Provisions of more radios to the learners
Fair,"More radio to be distributed to the learners.
"
Fair,Local radios should be part of the learning on radio lessons.
Good,"Used of the local languages should be emphasize.
More radio to be distributed to the learners."
,
Very good,They can put off your call even if you have not got the right answers
Very good,Improving the transmission
,
Not good,More teachers and  different back ground
Good,More call line for  Teachers on radio program
,
Not good,"-More lesson times should be broadcast

-Teachers on radio should be sloe and clear in explanations, repititions should be made since sometimes network is poor"
Not good,I don't know
,
,
,
,
,
,
,
,
Fair,It is good to use TV because practical can be taught through it.
,
Fair,Timing is hard 
Not good,Am not interested
Not good,Timing announcement on the public media
,
Good,I have no idea
,
Not good,Nothing
,
,
,
,
,
,
,
,
,
,
,
,
,
,
,
,
,
,
,
,
,
,
,
,
,
,
,
,
,
,
Good,Provision of more radio 
Fair,It need teachers cooperation by answering any question asked by pupils 
Good,Provision of more radios 
,
Fair,The time need to be improved
Not good,Language and time
,
,
,
,
,
,
,
,
,
,
,
,
,
,
,
,
,
,
,
,
,
,
,
,
,
,
,
,
,
,
,
,
,
Good,The timetable should be drawn according to the level
Good,It should be translated in local language
,
Fair,No idea
,
,
,
,
Good,Subjects like math's should be repeated
Good,Schools should be opened to stop all radio program
Fair,Extend the services to the country level for easy accessibility.
,
,
Not good,Extend the service to all counties and payam for easy access .
,
,
,
Not good,More teachers
Not good,Provide radio to all people in the village 
,
,
,
,
,
,
,
,
,
,
,
,
,
,
,
Good,The moderators should carer for slow learners among learners and it should also be child centered .
,
Fair,Extend to all the counties.
,
Good,One radio station should be built only teaching.
Good,If schools reopened no need for radio teaching
Good," Supply student with radios .
And call line should be made free"
,
Not good,I don't have idea on how government should improve because even after listening no examination.
,
,
,
,
,
,
Fair,Instead if radio teachers should teach on chalkboard and pupils wants to see their teacher while teaching.
,
,
,
,
,
,
,
Very good,No challenge.
,
Very good,The presentors should speak slowly and need for enough time. 
,
Good,"Need enough time at least one hour and half, it should at evening at least 3, 4 and 5:00P"
Good,"There enough to present the radio lessons, Nextwork courage should well during radio lesson."
Not good,Provide trained teachers  
,
,
Good,Improve network 
,
,
Fair,I need radio 
Fair,Timing should be in the evening at least
Not good,Timing should be improved at least to three hours
,
,
,
Fair,Language should be improved especially the English
,
Not good,Lectures are faster and time is not enough
,
,
Not good,The topics should be according to the classes. Secondly there should be radios for all families. The telephone maybe one for the head of the family. 
Good,Even me as the teacher I am learning from the lessons 
,
Good,They are good and I can understand as a teacher 
Fair,The content is mixed up. It should have separated for each classes. There is no opportunity to ask questions or some words immediately. Seeing the mouth of the teacher would help so much in connecting the pronouciation and the spelling. Should be used as revision only 
,
Not good,No physical interaction between teachers and parents 
,
,
,
Fair,Some of the teachers have very bad pronanciation 
,
,
,
,
,
,
,
,
,
,
,
Not good,I want to go back to school
Good,Lessons for secondary students should also be included
Good,It's should run the whole day
Not good,No idea
Good,The lessons should be repeated for several times
Good,Lessons for secondary should be introduced
,
,
,
,
Very good,Improve the teaching
,
Not good,Radio support
Very good,Ore time
Very good,No idea
Good,Add more time at lease two to three hours
Good,Need more time 
,
,
,
,
,
,
,
,
,
Good,Need for enough time and quality teachers for English lessons.
,
,
,
,
,
Not good,Lessons taught should be repeated for several times
Not good,The lessons should be repeated for several times
Good,There is need for fine tuning
Good,Proper repair needed
Fair,There's need to strengthen mobile network
,
Fair,Mobile network to be improved
,
,
,
Good,Mobile Network to be installed in the county
,
,
,
Not good,We want children to go back to school
Not good,No proper explanation in radio lesson
Not good,I don't like it
,
Fair,Provision of Radio to learners 
Very good,No idea
Good,No Radios for children and children can spoil your radio 
,
,
,
,
Good,No
Good,No improvement needed
,
,
,
,
,
,
,
,
,
,
,
,
Good,No idea
Not good,Let teacher explain things slowly for learns to understand.
,
,
Good,I have no idea
Good,Should provide radios to student
,
Fair,Radios to be distributed to learners Residents
Not good,Only provide students freetol lines only Arts subjects but not sciences
Good,Introduction should be clear and summary should be clear
Good,"Questions should be reduced,
Explain clearly,
Keep repeating so that they understand."
,
Fair,Provide more radios
,
,
,
,
,
,
Not good,Lessons to be taught in school
,
,
,
,
,
,
,
Good,I don't know
,
,
,
,
,
Very good,By giving at least five questions and allow more time for students to answer them
,
,
,
,
,
,
Not good,Provide more radios 
,
Fair,By leaving the line opened
Not good,Let children go back to school
,
,
Good,Let them not be very fast
Very good,Add the time
Fair,Let the line be opened
,
,
,
,
Good,No other things to be improved.
,
Very good,Time should be enough about 1 to 2 hours.
Good,There should qualified teachers to teach at radio.
,
,
,
,
Good,Add more time for every class to finish the planned lesson
,
Good,Added more time
,
,
,
Good,Time should be increased at least to pick calls from many learners
,
,
Good,Improve the timetable for lessons
,
Fair,Teachers who are teaching on the radio must be slow and repeat the same things for slow learners
Good,Time should be added to two hours
,
Good,Repeating the lessons two or three times
Not good,They should keep repeating the same thing for three times or two times.
,
,
Not good,No improvement.
Good,They is no way to improve this program only classroom is better.
Good,Lessons should be at evening because most of Learners are engaged for work.
,
,
,
Good,Add more lessons 
,
,
Fair,Repeatedly give more information
,
,
,
,
,
,
,
,
,
,
,
,
,
,
,
,
,
,
,
,
,
,
,
,
,
,
,
,
,
,
,
,
,
,
,
,
,
Fair,"There should be enough time for radio lessons, Need for free line for students to call."
,
,
,
,
Fair,I.do not know
,
,
,
Fair,I do not understand English so can not tell 
,
,
,
,
,
Good,Listening alone is not good. TV would be good because you can listen and see
,
,
,
Good,Mix English and Arabic 
,
,
,
,
,
Good,Nothing 
Good,Simple to follow
Good,Some times network is not good 
,
,
,
,
,
,
,
Fair,Take radio teaching out
,
,
Good,Good I don't know
Good,Local language need to be involved
,
,
,
,
,
Good,The lessons should be repeated for several times
Good,It should be translated in local language
,
Good,"Candidates should be provided with phones so that during radio lessons,they can call the station for clarification"
,
,
,
,
Good,Things should translated in Arabic
,
,
Good,The lessons should run through out the day
,
,
,
Not good,There should be sensitization about the time table of lessons because most of the students does not know their time of lessons and timetable
,
,
,
Not good,Add more time for the lesson to be effective
,
,
,
,
Very good,Time should be added
Good,Time should be added
,
,
,
,
Good,Time should be increased
,
,
,
,
Fair,Let the question be answered direct
,
,
,
,
,
,
,
,
,
,
,
Good,Need of local language
Very good,Giving more radios to the village
,
Good,Power needed
,
,
,
,
,
,
,
,
Very good,Power is needed
,
,
,
,
,
Not good,I have no ideas
,
Not good,No way to improve but should support learners with hand out 
,
,
,
Not good,Only schools must be reopened the the learners to keep learning.
Not good,No way to improve lessons in the radios only schools should reopened.
,
Not good,No ideas
Not good,Nothing but to reopen the schools
,
Not good,Nothing only to reopen the schools
,
,
,
,
Very good,"They must be improved ,when you the teacher also used the same language (English) as being done by the radio teacher ,so ,the learners will also get to cope with it."
Good,Distribution of radios to house hold which don't have radios.
Good,Through providing radio to pupils.
,
Good,It's should be translated in local language
Good,If any other learning ways can be used apart from radio lessons will be ok
Good,It's should be repeated
Good,Time should be reduced because sometimes the lessons do bore learners
,
Very good,Time school be increased
Very good,The teachers should allow questions of clarification from at least five learners
Fair,Time of the lessons should be increased at least to two hours per class
,
,
,
,
,
,
Good,Nothing to be improved.
,
Good,No 
Very good,If I were to have a radio
Good,Time is short
,
,
,
Very good,Let the time be increased
Fair,Time is less
,
,
,
,
Good,To  have timetable to be announced for every  class at the end of every lesson
,
,
,
,
,
Good,Distribution of radios to all students with solar power for charging
Good,"Distribution of Radio to house
Teacher should be slow for pupils to get them well."
,
,
,
,
,
,
,
,
Very good, To increase number of radios in rural areas.
,
Good,To increase number of  lesson  in the radio to cover all the villages.
,
,
,
,
Good,Meaning of education.
,
,
,
,
,
,
,
,
,
,
,
,
,
Not good,Provision of radios with solar power
,
,
,
,
,
,
,
Fair,Provide rasios
,
,
Good,No idea
Good,No idea
Good,Provide radio
,
,
Good,Provide more program
,
,
,
Fair,Provide more radio
,
,
Fair,Provide more radio
Fair,Provide more radio
,
,
,
,
,
,
,
Good,Network need  improvements
,
,
,
,
,
,
,
,
,
,
,
,
,
Not good,"-Radios should be provided yo all families.
-Improve radio stations coverage in all Counties."
,
,
,
,
,
Not good,"Provision of radios sets to learners, each school should have a focal person, radio coverage should be improved to reach all locations."
,
,
,
,
,
,
,
Fair,Increase the time for radio lesions.
Fair,The teachers in the radio should be given more time to elaborate on things we don't understand.
Fair,There should be a teacher to guide the learners.
Good,Because it keeps us busy.
,
,
Good,Time should be extended to two hours per lesson
,
,
Not good,The presentation because the teachers are always faster in their explanation
Fair,Time should be extended to two hours
Good,Time should be added
,
,
,
,
,
Very good,Lesso s are to be transmitted twice. 
,
,
,
,
,
,
,
,
Good,I can not remember 
Good,Giving more radios
,
,
,
,
,
,
,
,
,
,
,
,
,
,
,
,
,
,
,
,
,
,
,
,
,
,
,
,
,
,
,
,
,
,
,
,
Good,Give more time to participants to ask questions.
Not good,Bring in different teachers with different experience
Very good,Teachers should give callers enough time to submit their answers.
,
,
Not good,Classroom is better than radio
,
,
,
,
,
,
,
,
,
,
,
,
,
Very good,By giving enough time
Very good,Some teachers need to allow enough time for assignment given
,
,
,
,
,
,
,
,
,
,
,
Not good,Classrooms should be encouraged instead of radio
,
,
,
,
,
,
,
,
,
Good,When ever body have TV at home learner can see how it is written on the blackbord
Good,It be done through TV so that spelling are seen and how it done.
Good,Presenter should be able to make it understand by the learner.
,
,
,
,
,
,
,
,
,
,
,
,
Good,Time should be added.
Fair,Enough time should be given to teachers of maths
Good,There should be enough time for the teachers to share with the learners
Good,Time should be given more per subject.
Good,Quality teachers should be engaged in the teaching.
Good,The radios should be given to every household so that everyone can be in the position of learning.
,
,
,
,
,
,
,
,
,
,
,
,
,
,
,
,
,
,
,
,
,
,
,
,
,
,
,
,
,
,
,
,
Fair,Distribution of radio to many listerners
,
Very good,Distribution of radio to many people
,
,
,
,
,
,
,
,
,
,
,
,
,
,
,
,
,
,
,
,
,
,
,
,
Good,The radio lessons can be improved when all the radio stations are used for the program of teaching.
,
,
Good,The teachers should not go very fast in order for us to get the lessons well.
Good,In order to improve this radio should be provided to every household for learners to access it.
,
,
,
,
,
Good,Each lesson should be one hour
,
,
,
,
,
Good,Improve the quality of the radio
,
Good,Improve the signal
Good,Improve the quality and the signal
,
,
,
,
Fair,Fine tune the radio
Fair,Fine tune the radio
Good,Tune the radio properly
Good,The radio coverage should be widen to improve it quality
,
,
,
,
,
,
,
,
,
Good,Proper tunning of the radio
Good,There should be enough power supply
,
Good,It should be cleaned whenever it's dirty
Good,Radio needs to be repaired
