,Q50_Are you/your learners doing more schoolwork or less schoolwork since the COVID-19 school closures? ,Q51_Why?
0,,
1,,
2,,
3,,
4,Less,Because of other work at home
5,Less,Because studying need instuctor to encourage and reinforce you 
6,,
7,,
8,,
9,,
10,Less,Because no activity during lockdown. It was restricted by the government not to do anything.
11,,
12,,
13,,
14,,
15,,
16,,
17,,
18,,
19,,
20,,
21,,
22,,
23,,
24,,
25,,
26,Less,Because school was closed and there was contact with the teachers 
27,Less,There is no attention of the teacher 
28,,
29,,
30,,
31,,
32,,
33,,
34,,
35,,
36,,
37,,
38,,
39,,
40,,
41,,
42,,
43,,
44,,
45,,
46,,
47,,
48,,
49,,
50,,
51,,
52,,
53,,
54,,
55,,
56,,
57,,
58,,
59,,
60,,
61,,
62,,
63,,
64,,
65,,
66,,
67,,
68,,
69,,
70,,
71,,
72,,
73,,
74,,
75,,
76,,
77,,
78,,
79,,
80,,
81,,
82,,
83,,
84,,
85,,
86,,
87,,
88,,
89,,
90,,
91,,
92,,
93,,
94,,
95,,
96,,
97,,
98,,
99,,
100,,
101,,
102,,
103,,
104,,
105,,
106,,
107,,
108,,
109,,
110,,
111,,
112,,
113,,
114,,
115,,
116,,
117,,
118,,
119,,
120,,
121,,
122,,
123,,
124,,
125,,
126,,
127,,
128,,
129,,
130,,
131,,
132,,
133,,
134,,
135,,
136,,
137,,
138,,
139,,
140,,
141,,
142,,
143,,
144,,
145,,
146,,
147,,
148,,
149,,
150,,
151,,
152,,
153,,
154,,
155,,
156,,
157,,
158,,
159,,
160,,
161,,
162,,
163,,
164,,
165,,
166,,
167,,
168,,
169,,
170,,
171,,
172,,
173,,
174,,
175,,
176,,
177,,
178,,
179,,
180,,
181,,
182,Less,Because in school teachers do explain something which you haven't understood in simple language compare to radio teaching
183,,
184,,
185,,
186,,
187,,
188,,
189,,
190,,
191,,
192,Less,Engaged in other activities
193,,
194,,
195,,
196,,
197,,
198,,
199,,
200,,
201,,
202,,
203,,
204,,
205,,
206,,
207,,
208,,
209,,
210,,
211,,
212,,
213,,
214,,
215,,
216,The same,Teaching in the radio it's not enough
217,,
218,,
219,,
220,Less,teaching is not taking place
221,,
222,,
223,,
224,,
225,,
226,The same,That teaching is not good
227,The same,That teaching is not good
228,The same,Covid-19
229,Less,Teaching is not enough to them
230,,
231,,
232,,
233,Less,Teaching on air it's not enough
234,,
235,,
236,Less,They dont concentrate 
237,,
238,,
239,,
240,,
241,,
242,,
243,,
244,,
245,,
246,,
247,,
248,,
249,,
250,,
251,,
252,,
253,,
254,,
255,,
256,,
257,,
258,,
259,,
260,,
261,,
262,,
263,,
264,,
265,,
266,,
267,,
268,,
269,,
270,,
271,,
272,,
273,,
274,,
275,,
276,Less,Because there is no one who guides them since am busy at my workplace.
277,,
278,,
279,,
280,,
281,,
282,,
283,,
284,,
285,,
286,,
287,,
288,,
289,,
290,,
291,,
292,,
293,,
294,,
295,,
296,,
297,,
298,,
299,,
300,,
301,,
302,,
303,,
304,,
305,,
306,Less,No one to control them
307,,
308,,
309,,
310,,
311,,
312,,
313,,
314,,
315,,
316,,
317,,
318,,
319,,
320,,
321,Less,Because of work in the garden limits him 
322,,
323,Less,Domestic work sometime limits him to study.
324,,
325,Less,Coronas has given no hope of returning to school and most children have lost culture of school 
326,Less,No time sometime because of work in the garden 
327,More,There is hope that schools will reopen and they will come back to continue with their studies.
328,,
329,,
330,,
331,,
332,Less,To remind the pupils of what has been taught by the teachers.
333,,
334,,
335,,
336,Less,Domestic work limits her study.
337,,
338,,
339,,
340,,
341,,
342,,
343,,
344,Less,They feel like to come back to school and also they want to remind themselves about passed lessons.
345,,
346,,
347,,
348,,
349,,
350,,
351,,
352,,
353,,
354,,
355,,
356,,
357,,
358,,
359,,
360,,
361,,
362,,
363,,
364,,
365,,
366,,
367,,
368,,
369,,
370,,
371,,
372,More,Because during there was teacher in place to teach them then when they were in school.
373,Less,"Because, committement is low "
374,,
375,,
376,,
377,,
378,,
379,,
380,,
381,,
382,,
383,Less,Most family doesn't have radios and financial situation ia not good.
384,Less,Because there are no learning places
385,The same,They forgot that schools will reopen soon and they always need to be reminded 
386,Less,No more
387,,
388,,
389,Less,Don't know
390,Less,Nothing to do
391,,
392,,
393,More,"Because home activities are much during this time harvesting, cultivation and wedding of crop"
394,,
395,,
396,,
397,,
398,,
399,,
400,,
401,,
402,,
403,,
404,,
405,Less,School is best
406,Less,No school
407,Less,I don't know
408,,
409,,
410,,
411,,
412,,
413,,
414,,
415,,
416,,
417,,
418,,
419,,
420,,
421,,
422,,
423,Less,Learning activities are less
424,,
425,,
426,,
427,,
428,,
429,,
430,,
431,,
432,,
433,,
434,,
435,,
436,,
437,,
438,,
439,,
440,,
441,,
442,,
443,,
444,,
445,,
446,Less,The school closure.
447,,
448,,
449,Less,Work at home
450,Less,We are fine
451,Less,At home pupils could not learn
452,More,They are going guide line while at home
453,,
454,,
455,,
456,,
457,,
458,Less,Because of the other work at home
459,,
460,,
461,,
462,,
463,,
464,Less,Some of the children have no radios 
465,Less,Because staying at home is not good for learning
466,Less,No support to them
467,,
468,,
469,,
470,,
471,,
472,,
473,,
474,,
475,Less,Because of other things.
476,Less,No home package given to them
477,,
478,,
479,,
480,Less,Because they are now lazy due to the closure of the school and they are also busy with work at home.
481,,
482,Less,They are not exposed to education on air
483,Less,Due to closer of the schools
484,Less,A lot of garden work
485,Less,They are always occupied with domestic work at home.
486,,
487,,
488,,
489,,
490,Less,Most of our children are not having radio.
491,Less,Most of our children are not having radio.
492,,
493,,
494,Less,Because I have also to help at home.
495,More,Because of many things to be done on the school and home.
496,,
497,,
498,Less,Due to fear of pandemic
499,,
500,,
501,,
502,,
503,,
504,,
505,Less,Busy with other activities
506,,
507,,
508,,
509,,
510,,
511,,
512,,
513,,
514,,
515,,
516,,
517,,
518,,
519,,
520,,
521,,
522,,
523,,
524,,
525,,
526,,
527,,
528,,
529,,
530,,
531,,
532,,
533,Less,Only redio lesson
534,More,I have a private lessons at home
535,Less,Due to covid 19
536,Less,Due to restriction
537,,
538,Less,Due to closing of the schools
539,Less,Due to closing of the school
540,Less,Lack of seriousness
541,Less,Lack of seriousness
542,Less,I have a lot of house work
543,,
544,,
545,,
546,More,To keep me busy
547,,
548,,
549,Less,Because of other activities
550,,
551,More,To keep updated
552,,
553,,
554,More,To keep me updated 
555,Less,Because I committed with other activities
556,,
557,,
558,,
559,,
560,,
561,,
562,Less,Because I reading with other things at home.
563,,
564,Less,"To survive, since schools are not functioning"
565,Less,No teaching at home
566,Less,Nothing to keep them busy
567,Less,No school materials
568,Less,No learning materials
569,Less,Too much house work
570,,
571,Less,Because nothing to keep them busy
572,,
573,Less,Too much work at home
574,Less,Nothing to keep tham busy at home
575,Less,Workloads from home
576,Less,Because of the battery
577,,
578,Less,Due to luck of radio
579,Less,Because it is not enough.
580,More,Because I do read many books.
581,Less,Because it is not enough.
582,The same,Because they are good for me all.
583,More,Because of I am doing alot at home on studies.
584,Less,Because it is not enough and effective.
585,More,Because they keep on studying at home.
586,,
587,,
588,,
589,,
590,Less,Because of some many things.
591,,
592,,
593,Less,Wefgddff
594,Less,Because I'm at home.
595,More,Because of school closure.
596,Less,Because of CoVID 19.
597,,
598,,
599,Less,No school materials
600,,
601,Less,Because of farm work
602,,
603,,
604,,
605,,
606,,
607,Less,Because there's no school materials to keep them busy
608,,
609,Less,Workloads at home
610,Less,No school materials
611,,
612,,
613,,
614,,
615,,
616,Less,No time to read together because of coronavirus 
617,,
618,Less,No much time to do personal studies
619,,
620,,
621,,
622,,
623,,
624,Less,They can't learn on their own without guidance
625,Less,Because of work load at home
626,,
627,,
628,Less,No enough school materials at home
629,Less,Because schools are closed
630,Less,Because we are locked up
631,Less,No radio and family conditions
632,Less,Because the school is not there
633,,
634,Less,Because of lack of school
635,Less,No school
636,Less,Because no school
637,,
638,Less,No school
639,,
640,,
641,Less,No radio
642,Less,The situation is not helping
643,Less,Because dry cell will finished sometimes
644,Less,Home work
645,,
646,,
647,Less,Because at home you are interrupted by being sent every now and then. 
648,,
649,,
650,,
651,,
652,,
653,,
654,,
655,Less,Because they are not in school 
656,,
657,,
658,,
659,Less,Because at home there is too  much interference with house work. 
660,More,For the purpose of healthy
661,More,People will get food
662,More,Provide food for the family 
663,Less,Because there is no teachings
664,,
665,Less,Because they are engaged in other activities other than learning 
666,Less,Because of the closer of the school
667,Less,Too much domestic work
668,,
669,More,So as am able to pass exam once school reopen
670,More,So as not to forget the learning
671,,
672,,
673,Less,I don't know
674,,
675,Less,I for get to study
676,Less,Because of home activities
677,Less,Digging
678,,
679,,
680,,
681,,
682,,
683,,
684,,
685,,
686,,
687,,
688,,
689,,
690,,
691,,
692,,
693,,
694,,
695,,
696,,
697,,
698,,
699,,
700,Less,Because there are no regular lessons that we attend to gether 
701,,
702,,
703,,
704,Less,A lot of work and no help from my teachers
705,Less,Because they don't have teachers to aid them
706,Less,Because in school the learners are busy with their teachers in the classes
707,Less,School keeps learners busy
708,Less,The time is not enough for the learners
709,Less,Learners pick few things and forget many things
710,Less,I have no time to practice my work as expected
711,Less,In the schools learners are timed to do their things but at home they used to be told
712,Less,A lot of work at home because of garden work
713,Less,Because of the absence of teachers
714,Less,The children don't mind of what h they are supposed to do
715,Less,At home there is a lot of work
716,Less,Because of a lot work at home
717,Less,Because they are doing some other work apart from schoolwork
718,Less,Because of the absence of teachers and the closure of the schools
719,Less,Because the time schedule is not enough for the learners
720,Less,Because the time is not enough for me to get a lot of things which are missing 
721,Less,Because the time is not enough for the learners in the house and they have a lot of work in the garden
722,Less,Because the time is not enough for me
723,Less,Because it is not enough for me
724,Less,Yes because the teachers who would help me are not around
725,Less,Because of additional work at home
726,Less,Because of additional work at home
727,Less,Because of additional work at home
728,Less,Because of additional work at home
729,Less,Because of additional work at home
730,Less,Because the learners have no learning materials enough
731,Less,Because at home there are additional work
732,Less,It is not enough because the learners have a lot of work at home
733,Less,Because of an additional work at home
734,Less,It is not enough for them
735,Less,Because of additional work at home
736,Less,Because of a lot of additional work at home
737,Less,Because of additional work
738,Less,The time is not enough and the learners have additional work at home
739,Less,At home the learners have a lot of additional work to do
740,Less,Because what they learn over the radio program is not enough as in schools
741,Less,Because I don't know what will happen if the disease is still available
742,Less,What learn is not enough and the time is short
743,Less,I have no time at home because of additional work
744,Less,Because of time factors the school is taking long to reopen
745,Less,Because of an additional work at home
746,Less,Because of additional work at home
747,Less,Because of additional work at home
748,Less,Because of additional work
749,Less,Because the learning materials and teachers are not around
750,Less,Because the materials are not enough
751,Less,Because the materials are not enough
752,Less,The materials are not available
753,Less,The materials for learning are not available
754,Less,No classes activity
755,Less,No classes
756,Less,Engaged in some small activity like in the garden
757,Less,Because of no classes
758,,
759,Less,Because no classes
760,Less,No activity in school
761,Less,Because of no class compared when they Are in school
762,,
763,,
764,,
765,,
766,,
767,,
768,,
769,,
770,,
771,,
772,,
773,,
774,,
775,Less,They can not work alone
776,,
777,,
778,,
779,,
780,,
781,,
782,,
783,Less,Some time radio may lack power.
784,Less,We are busy now with other home work.
785,,
786,,
787,,
788,,
789,Less,We are committed a lot of work in the house.
790,More,Beacuse schools are close and we have to support our family.
791,,
792,,
793,,
794,,
795,,
796,,
797,,
798,Less,Because this situation is bored
799,,
800,,
801,Less,Because school work need supervision
802,,
803,,
804,,
805,,
806,,
807,,
808,Less,We are busy working at home.
809,,
810,Less,Workloads at home
811,Less,No school materials
812,Less,Due to the luck of scholastic materials
813,Less,I do spend much of my time in the farm
814,,
815,,
816,,
817,,
818,Less,No scholastic materials
819,Less,Because I am not in school now other activities pop up every now and then and I find myself doing more of those activities other than school activities.
820,,
821,,
822,Less,Because they are engaged in other activities. 
823,Less,Because there are many activities at home  that take you away from studying. 
824,Less,Because too much house work interfere with someone's studies 
825,,
826,,
827,Less,Because they are engage in home activities
828,Less,Work loaded at home
829,Less,Because of many  domestic activities  at home
830,Less,No scholastics material
831,,
832,,
833,,
834,,
835,,
836,,
837,,
838,,
839,,
840,,
841,,
842,Less,They are not learning 
843,,
844,,
845,,
846,,
847,,
848,,
849,Less,Because there no school
850,,
851,,
852,,
853,,
854,Less,Because of covid 19
855,,
856,,
857,,
858,Less,Busy with home activities
859,Less,Because the school is closed
860,,
861,,
862,Less,Busy harvesting
863,,
864,,
865,Less,Engaged in other activities
866,Less,Engaged with other activities
867,Less,Because covid _19 it is very dangerous for our life.
868,,
869,,
870,,
871,Less,Laziness to study
872,Less,Too much work at home
873,Less,I spent much of my time in garden
874,,
875,Less,Workloads at home
876,,
877,Less,Workloads at home
878,Less,"Because this is a season to cultivation, the children are engaged in farm"
879,Less,The lockdown made many people move to the villages in hard to reach areas
880,,
881,Less,Because no one at home to support me
882,,
883,Less,Because of the pandemic
884,,
885,,
886,Less,No scholastic materials
887,,
888,,
889,,
890,Less,Because the doing the their own work
891,Less,Because they are busy after life.
892,Less,House duties
893,Less,House work
894,Less,Domestic work leaves little time for studies
895,More,"At school some people make noise, at home is quite"
896,Less,Garden work takes more time
897,Less,They feel no need to concentrate on reading because schools are closed
898,Less,"They feel schools are closed, no need to read"
899,,
900,,
901,,
902,,
903,,
904,,
905,,
906,,
907,,
908,Less,No more lessons since the closure of school
909,,
910,,
911,,
912,,
913,,
914,,
915,,
916,,
917,,
918,,
919,,
920,,
921,,
922,,
923,,
924,,
925,,
926,,
927,,
928,,
929,,
930,,
931,,
932,,
933,,
934,,
935,,
936,,
937,,
938,,
939,,
940,Less,Because of the closure of the school
941,Less,Because they are much engaged in home activity
942,,
943,More,For rememberance.
944,Less,Lack of some textbooks.
945,,
946,,
947,More,More help from parents.
948,More,Teaching them at home.
949,Less,A lot of home work
950,,
951,,
952,Less,Because the materials was not available
953,Less,Lack of materials to be used
954,Less,Because they have alot of home work given by parents
955,Less,Because they play alot
956,Less,Because the materials was not enough
957,,
958,,
959,Less,No enough time
960,Less,No time and no one to help me
961,Less,No time
962,,
963,,
964,,
965,,
966,,
967,,
968,,
969,,
970,,
971,,
972,,
973,,
974,,
975,,
976,,
977,,
978,,
979,,
980,,
981,,
982,,
983,,
984,,
985,,
986,,
987,,
988,,
989,,
990,,
991,,
992,Less,They are just relaxing and playing
993,,
994,Less,No school
995,,
996,,
997,,
998,Less,Domestics work would not allow her sometimes
999,Less,They mostly engaged in playing than studying
1000,,
1001,Less,Parents engage them in agricultural work.
1002,,
1003,,
1004,,
1005,,
1006,,
1007,,
1008,,
1009,,
1010,,
1011,,
1012,,
1013,,
1014,,
1015,,
1016,,
1017,,
1018,,
1019,,
1020,,
1021,,
1022,,
1023,,
1024,,
1025,,
1026,,
1027,,
1028,,
1029,Less,I'm engaged in other activities
1030,Less,Engaged in other activities
1031,Less,Engaged in other activities
1032,Less,Busy
1033,Less,Busy always
1034,,
1035,,
1036,,
1037,Less,Engaged in other activities
1038,,
1039,,
1040,The same,I don't know 
1041,Less,No teachers 
1042,,
1043,,
1044,,
1045,,
1046,,
1047,Less,because there are no school activities 
1048,Less,Because I am studying alone and I don't enjoy working alone like that. 
1049,,
1050,More,"Because now I have  the time to learn by myself,  do more research into what I did learn before. "
1051,More,"Because I am not staying idle at home, I concentrate on my studies. "
1052,,
1053,,
1054,,
1055,,
1056,More,To keep themselves updated so that if schools open they will not it difficult to cope up.
1057,,
1058,Less,"Because due to COVIF-19, many parents are giving a lot of work to children so they can not concentrate on books "
1059,,
1060,Less,Because I  engage in other activities like going to the garden and playing football 
1061,Less,Because I am doing other things that can help my family 
1062,,
1063,,
1064,,
1065,,
1066,,
1067,,
1068,Less,Alot of domestic work while at home.
1069,,
1070,,
1071,,
1072,,
1073,,
1074,Less,Too much work at home.
1075,,
1076,,
1077,,
1078,,
1079,,
1080,Less,Sometimes there is no time to listen to radio
1081,,
1082,Less,Other activities occupy most time
1083,Less,Learners are engaged in other kind of work e.g home chores etc.
1084,Less,Less time given on radio
1085,Less,Less time given for learning
1086,Less,Engaged in other activities
1087,Less,Time is limited
1088,Less,Other activities take more attention.
1089,Less,We are engaged in other avtivities
1090,Less,Time
1091,Less,Other activities to be done are also there
1092,Less,Other activities are to be done also like helping at home
1093,Less,There are other chores to be attended to.
1094,Less,We also help our parents at home
1095,Less,We are just at home doing only housework instead of studying
1096,,
1097,Less,Because all the learners are in disarray and the technology is poor to approach them .
1098,,
1099,Less,Because they are engaged in other things 
1100,,
1101,Less,Because my children lack home books to practice daily but I could see them reading sometimes
1102,Less,Learners are engaged in different things and can't listen to the parents advice
1103,Less,Because we are almost forgetting about school and people are greatly engaged in home activities
1104,,
1105,,
1106,,
1107,,
1108,,
1109,,
1110,,
1111,,
1112,,
1113,,
1114,,
1115,,
1116,,
1117,,
1118,,
1119,,
1120,,
1121,Less,This is done independently at home. Some learners are reluctant. No seriousness since it is not a classroom focus.
1122,,
1123,,
1124,,
1125,,
1126,,
1127,,
1128,,
1129,,
1130,,
1131,,
1132,,
1133,,
1134,Less,No much work
1135,Less,Not much work
1136,,
1137,,
1138,,
1139,,
1140,,
1141,,
1142,,
1143,,
1144,,
1145,,
1146,,
1147,,
1148,,
1149,,
1150,,
1151,,
1152,,
1153,,
1154,,
1155,,
1156,Less,Because schools are closed
1157,Less,Beacuas of Covid- 19
1158,,
1159,,
1160,,
1161,,
1162,,
1163,,
1164,,
1165,,
1166,,
1167,,
1168,,
1169,,
1170,,
1171,,
1172,,
1173,,
1174,,
1175,,
1176,,
1177,,
1178,,
1179,,
1180,,
1181,,
1182,,
1183,,
1184,,
1185,,
1186,,
1187,,
1188,,
1189,,
1190,,
1191,,
1192,,
1193,,
1194,,
1195,,
1196,,
1197,,
1198,,
1199,,
1200,,
1201,,
1202,Less,Because engaged in other activities
1203,,
1204,,
1205,,
1206,,
1207,,
1208,,
1209,Less,Engaged in other activities
1210,,
1211,Less,Engaged in other activities
1212,Less,Busy 
1213,,
1214,,
1215,,
1216,Less,Doing other activities at home
1217,More,Ther
1218,,
1219,,
1220,,
1221,,
1222,Less,It is not my concern about the lesson
1223,,
1224,,
1225,,
1226,More,To learn more
1227,,
1228,,
1229,,
1230,,
1231,Less,No much time for study. 
1232,,
1233,,
1234,,
1235,,
1236,,
1237,,
1238,Less,Not much 
1239,Less,Having nothing 
1240,Less,Not know 
1241,,
1242,,
1243,Less,Because no school and teaching
1244,,
1245,,
1246,,
1247,,
1248,,
1249,,
1250,,
1251,,
1252,,
1253,,
1254,Less,Because we are not engage with school work
1255,Less,Because school is lock down
1256,,
1257,,
1258,,
1259,Less,They are struggling with life
1260,Less,House duties
1261,,
1262,,
1263,Less,No school
1264,,
1265,,
1266,Less,House work
1267,,
1268,Less,Home affairs issues
1269,More,Preparation high
1270,Less,Not in class
1271,,
1272,The same,Because no difference
1273,,
1274,,
1275,,
1276,,
1277,,
1278,,
1279,,
1280,,
1281,,
1282,,
1283,,
1284,The same,Not
1285,,
1286,Less,I don't know 
1287,,
1288,,
1289,,
1290,,
1291,,
1292,,
1293,,
1294,,
1295,,
1296,,
1297,,
1298,,
1299,,
1300,,
1301,,
1302,,
1303,,
1304,Less,No school
1305,,
1306,,
1307,,
1308,,
1309,,
1310,,
1311,,
1312,,
1313,,
1314,,
1315,,
1316,,
1317,,
1318,,
1319,,
1320,,
1321,,
1322,,
1323,,
1324,,
1325,Less,they  don't  attend  lessons  on radio 
1326,,
1327,,
1328,,
1329,,
1330,,
1331,,
1332,,
1333,,
1334,Less,not  more attention 
1335,,
1336,,
1337,,
1338,,
1339,,
1340,,
1341,,
1342,Less,I stay at home
1343,,
1344,,
1345,,
1346,,
1347,,
1348,,
1349,,
1350,,
1351,,
1352,,
1353,,
1354,Less,Because of domestic work at home
1355,,
1356,,
1357,,
1358,,
1359,,
1360,,
1361,,
1362,,
1363,,
1364,,
1365,,
1366,,
1367,,
1368,,
1369,,
1370,,
1371,,
1372,,
1373,,
1374,,
1375,,
1376,,
1377,,
1378,,
1379,,
1380,Less,Because the schools are closed
1381,Less,Engaged in other activities
1382,,
1383,Less,Doing other activities
1384,,
1385,,
1386,,
1387,,
1388,,
1389,,
1390,,
1391,,
1392,,
1393,Less,Due to the outbreak of Corona virus
1394,Less,"No, power in my radio"
1395,,
1396,Less,Reading but not always
1397,,
1398,,
1399,,
1400,,
1401,,
1402,,
1403,,
1404,Less,Laziness at home
1405,,
1406,,
1407,Less,Laziness
1408,Less,Engage in home activities
1409,,
1410,,
1411,,
1412,,
1413,,
1414,,
1415,,
1416,,
1417,Less,Workloads at home
1418,Less,Laziness
1419,Less,Engaged in other activities
1420,,
1421,Less,Beacuse am supporting my family.
1422,,
1423,,
1424,,
1425,,
1426,,
1427,,
1428,,
1429,Less,They are busy with house work.
1430,,
1431,,
1432,More,Reading some text books
1433,,
1434,Less,House duties
1435,Less,House duties
1436,Less,We want to avoid the illness 
1437,Less,Don't know 
1438,Less,I don't know
1439,Less,I don't know
1440,,
1441,,
1442,,
1443,,
1444,,
1445,Less,Because they miss alot of  lessons 
1446,,
1447,Less,Social distance 
1448,Less,Because of Corona 
1449,,
1450,,
1451,,
1452,,
1453,,
1454,,
1455,Less,No more radio.
1456,Less,Because of it's too faster
1457,,
1458,Less,Because it is heard to get them
1459,Less,Because to get them is heard
1460,Less,Because it's heard to get them
1461,Less,Because it's too heard to understand
1462,Less,Because it heard to get them
1463,Less,Because it's heard to get them
1464,Less,Because it's easy to understand
1465,Less,Because it's heard to get radio
1466,Less,Because to get learners is heard
1467,Less,Because it's heard to get them
1468,Less,Because it's heard to get them
1469,,
1470,Less,Because of no enough radios
1471,,
1472,,
1473,Less,Because it's too faster
1474,Less,Because radio is very faster in lessons
1475,Less,Because to get learners following radios is heard
1476,Less,Because it's too faster on radio program
1477,Less,Because it's heard to get radio
1478,Less,Because no more radio
1479,Less,Because learners are not going to school
1480,Less,Because the learners does not follow radio program 
1481,,
1482,Less,Because no more schools working
1483,,
1484,,
1485,Less,No more radio
1486,Less,No more schools working these days
1487,,
1488,,
1489,,
1490,,
1491,,
1492,,
1493,,
1494,,
1495,Less,Lack of enough radios
1496,,
1497,,
1498,Less,More domestic work 
1499,,
1500,,
1501,,
1502,,
1503,,
1504,,
1505,,
1506,,
1507,,
1508,Less,Because it's too faster on radio
1509,Less,Because of corona virus
1510,,
1511,,
1512,,
1513,,
1514,Less,Because it's too expensive to buy radio
1515,Less,Because it's too faster
1516,,
1517,,
1518,Less,Because Corona 
1519,,
1520,,
1521,,
1522,,
1523,,
1524,,
1525,,
1526,,
1527,,
1528,,
1529,,
1530,,
1531,,
1532,,
1533,,
1534,More,Because of less time
1535,Less,Because of Cov-19
1536,Less,Because of stress
1537,Less,Because of covid-19
1538,Less,Because of COVID--19
1539,Less,Because of stress
1540,Less,Because corona virus
1541,Less,Because no much concentrate
1542,Less,Because of lockdown
1543,Less,Enough hospital
1544,Less,Less concentration
1545,,
1546,,
1547,,
1548,,
1549,,
1550,,
1551,,
1552,,
1553,,
1554,,
1555,Less,Because staying at home is not good for learning
1556,,
1557,,
1558,,
1559,,
1560,,
1561,,
1562,,
1563,,
1564,Less,Difficult to learning independently
1565,,
1566,Less,Due to covid-19
1567,,
1568,,
1569,,
1570,,
1571,Less, Because of housework
1572,,
1573,,
1574,Less,They are not engaged in school as before covid-19
1575,,
1576,,
1577,Less,Learning materials are not there 
1578,,
1579,,
1580,,
1581,,
1582,,
1583,,
1584,,
1585,,
1586,,
1587,,
1588,,
1589,Less,Because they're doing different business like helping their parents in the garden
1590,,
1591,,
1592,,
1593,,
1594,,
1595,,
1596,,
1597,,
1598,,
1599,,
1600,,
1601,,
1602,,
1603,,
1604,,
1605,,
1606,,
1607,,
1608,,
1609,,
1610,,
1611,,
1612,,
1613,Less,Because covid 19lockdown
1614,More,Because I have got information from the m and they get information from me 
1615,Less,Because learning through air is not easily 
1616,,
1617,Less,Because teachers are hurry
1618,,
1619,More,Because after lesson we use to revised a very thing together 
1620,More,Because we want to full information 
1621,More,Because team work is very important
1622,,
1623,Less,Because some time teachers are hurry 
1624,More,Because we can get information 
1625,Less,Because lack of radios 
1626,,
1627,,
1628,,
1629,,
1630,,
1631,,
1632,,
1633,,
1634,,
1635,,
1636,,
1637,,
1638,,
1639,,
1640,,
1641,,
1642,,
1643,,
1644,,
1645,,
1646,,
1647,,
1648,,
1649,,
1650,,
1651,,
1652,,
1653,,
1654,Less,They relax
1655,,
1656,,
1657,,
1658,,
1659,,
1660,,
1661,,
1662,,
1663,,
1664,The same,Because they are not doing anything at home
1665,,
1666,,
1667,,
1668,,
1669,,
1670,Less,No coverage
1671,,
1672,,
1673,,
1674,,
1675,,
1676,,
1677,,
1678,,
1679,,
1680,,
1681,,
1682,Less,Because I don't have the time to study as when I was in school.
1683,,
1684,,
1685,,
1686,,
1687,,
1688,,
1689,,
1690,Less,"There is lots of of work at home, but being in school school helps learners to do more school work "
1691,,
1692,,
1693,Less,Because there are no other materials to concentrate on 
1694,Less,I am not a teacher
1695,,
1696,,
1697,,
1698,,
1699,,
1700,,
1701,,
1702,,
1703,,
1704,,
1705,,
1706,,
1707,,
1708,,
1709,,
1710,,
1711,,
1712,,
1713,,
1714,,
1715,Less,Because the learners don't have radios
1716,Less,The teachers are not around to guide them
1717,Less,The learners are missing a lot things which are supposed to be done in school
1718,,
1719,,
1720,,
1721,,
1722,,
1723,Less,The teachers are not around to help me
1724,,
1725,,
1726,,
1727,,
1728,,
1729,,
1730,,
1731,,
1732,,
1733,,
1734,,
1735,,
1736,,
1737,,
1738,,
1739,,
1740,,
1741,,
1742,,
1743,,
1744,,
1745,,
1746,,
1747,,
1748,,
1749,,
1750,,
1751,,
1752,,
1753,,
1754,,
1755,,
1756,,
1757,,
1758,,
1759,,
1760,,
1761,,
1762,,
1763,,
1764,,
1765,,
1766,,
1767,,
1768,,
1769,,
1770,,
1771,,
1772,,
1773,,
1774,,
1775,,
1776,,
1777,,
1778,,
1779,,
1780,,
1781,,
1782,,
1783,,
1784,Less,No teachers
1785,,
1786,,
1787,Less,Luck of teachers
1788,,
1789,,
1790,Less,No teachers
1791,,
1792,,
1793,,
1794,,
1795,,
1796,,
1797,Less,No teachers
1798,,
1799,Less,Not teachers
1800,Less,Due to pandemic
1801,,
1802,,
1803,,
1804,,
1805,,
1806,,
1807,,
1808,Less,Most of them left houses and doing other things than schools 
1809,,
1810,,
1811,,
1812,,
1813,,
1814,,
1815,,
1816,Less,Because there are no teachers are not available for the help
1817,,
1818,,
1819,,
1820,,
1821,,
1822,Less,No help from the teachers
1823,,
1824,,
1825,Less,There are no help from the teachers
1826,Less,Because the teachers are not in the school to help us
1827,,
1828,,
1829,,
1830,,
1831,,
1832,Less,Most learners are missing and are not doing enough for thier education
1833,Less,Because the teachers are not around to help me
1834,Less,Because my teachers are not around to help me
1835,Less,Because I am missing a lot of things
1836,More,We practice more harder than I before covoid19.
1837,More,Materials are available
1838,,
1839,Less,Radio lessons are not understandable
1840,More,We struggle to learn by ourselves
1841,More,Radio understanding is low
1842,More,Listening is difficult
1843,Less,Sometimes are omitted in the lesson
1844,,
1845,Less,Involving a lot
1846,More,No good understanding of r the radio
1847,More,Because we struggle almost alone
1848,More,Radio is not effective
1849,More,It is a struggle
1850,More,They work to discover knowledge by themselves
1851,Less,Because it is brief and fast to understand
1852,,
1853,,
1854,Less,Because the time is not enough for me to learn
1855,Less,The time is not enough for me to understand
1856,Less,The program is short and fast to understand
1857,Less,Few subjects are covered
1858,,
1859,,
1860,,
1861,,
1862,,
1863,More,They work alone most of the time
1864,More,Materials are available
1865,Less,They are not sure whether the school will reopen or not and this makes them reluctant.
1866,Less,Because I have limited time as I also need to do some work in the garden and also lacking some materials for doing paperwork and practice.
1867,Less,There is no time because of domestic work at home.
1868,More,Because I spend most of my time reading at home.
1869,Less,Because I do little work about school work.
1870,,
1871,More,We always listen to radio lessons
1872,Less,Lack of textbook
1873,Less,Lack of assistance at home.
1874,Less,Lack of textbook
1875,,
1876,,
1877,,
1878,,
1879,,
1880,,
1881,,
1882,,
1883,,
1884,,
1885,,
1886,,
1887,,
1888,,
1889,Less,Because learning not enough
1890,Less,Its not like school lesson
1891,Less,Because of lockdown
1892,Less,Because of covid 19
1893,Less,Because school close
1894,Less,Because all activities been locked by covid 19
1895,Less,Because of stress
1896,,
1897,,
1898,,
1899,,
1900,,
1901,,
1902,,
1903,,
1904,Less,Because school close
1905,Less,Because school shut down
1906,Less,School shut down
1907,Less,Because school close
1908,Less,Because of stress
1909,,
1910,,
1911,,
1912,More,They struggle alone at home with out good helpers
1913,,
1914,,
1915,,
1916,,
1917,,
1918,,
1919,,
1920,,
1921,,
1922,,
1923,,
1924,,
1925,,
1926,,
1927,,
1928,,
1929,,
1930,,
1931,,
1932,,
1933,,
1934,,
1935,,
1936,Less,Busy with other activities
1937,,
1938,Less,Committed with other activities
1939,,
1940,,
1941,Less,I don't know
1942,More,Because to remember what I studied in school.
1943,More,Because I study hard to understand and remember everything studied in school.
1944,More,Because I have no place to go to.
1945,More,Because it is helpful to myself and children.
1946,,
1947,,
1948,Less,I don't know
1949,,
1950,,
1951,Less,Because the time frame is not enough
1952,Less,The teachers are not with them and they have some extra work to do at home
1953,Less,No one to aid  me in doing the school work at home
1954,Less,No help from my teachers
1955,Less,Because I will busy at home
1956,Less,Engaged in other activities
1957,Less,I'm always busy at home
1958,Less,Because of extra work at home
1959,Less,The learners have extra work at home
1960,,
1961,Less,The teachers are not on the ground to help the learners
1962,Less,Because the teachers are not around to help me
1963,Less,Because some learners are not taking education seriously
1964,,
1965,,
1966,,
1967,,
1968,,
1969,,
1970,Less,Nowadays learners aren't taken education seriously.
1971,Less,A lot of work
1972,,
1973,,
1974,,
1975,Less,They are not serious about their learning
1976,Less,Lack of radio and engagement in other home activities.
1977,,
1978,,
1979,,
1980,Less,Lack of seriousness from learners
1981,,
1982,Less,Lack of seriousness and engagement in other activities
1983,,
1984,Less,Learners are not taking education serious.
1985,,
1986,Less,The teachers are not around to help me
1987,,
1988,Less,House hold duties
1989,,
1990,Less,Because of the extra work done at home
1991,,
1992,,
1993,,
1994,,
1995,,
1996,,
1997,,
1998,,
1999,,
2000,,
2001,,
2002,,
2003,,
2004,,
2005,,
2006,,
2007,,
2008,,
2009,,
2010,,
2011,,
2012,,
2013,,
2014,,
2015,,
2016,,
2017,,
2018,Less,They involved in domestic work
2019,,
2020,,
2021,,
2022,,
2023,,
2024,Less,because   there not more gather 
2025,,
2026,Less,Because of extra work at home
2027,,
2028,,
2029,,
2030,,
2031,Less,Because it is not enough to the learners to learn at home
2032,Less,Because of extra work at home
2033,The same,They are busy as before
2034,,
2035,,
2036,,
2037,,
2038,,
2039,,
2040,,
2041,More,Alot of home work at home and no unnecessary movement
2042,More,They listen and take notes at the same time
2043,,
2044,,
2045,,
2046,Less,They are not following the radio learning
2047,,
2048,Less,Most learner's doesn't have radio and some complain of radio learning challenges. Too fast
2049,Less,Most are involved in farming activities. They have less time to their books
2050,,
2051,,
2052,,
2053,,
2054,,
2055,,
2056,Less,Busy with family duties
2057,Less,Is very dangerous to studying use radio lessons 
2058,Less,No teachers to ask and no phone to call 
2059,Less,"Not every family has a radio.
Sometimes the child would not be attended to radio lessons"
2060,Less,No teachers 
2061,,
2062,,
2063,Less,Becouse no work to do
2064,Less,Doing a lot of work at home.
2065,Less,No thought 
2066,Less,No teachers 
2067,Less,Too much work at home.
2068,,
2069,Less,Due to too much work at home.
2070,Less,Too much work at home.
2071,Less,No one who can shave their minds 
2072,,
2073,Less,She feels lazy to study when alone.
2074,,
2075,Less,Lot of time on playing.
2076,,
2077,,
2078,More,They do revised their exercise books.
2079,,
2080,Less,Because of extra work at home
2081,Less,Because of extra work at home
2082,Less,Because of the extra work
2083,Less,Because of the extra work
2084,Less,Because of the extra work at home
2085,Less,A lot of work
2086,More,We use materials by ourselves
2087,,
2088,,
2089,More,We are working on our own
2090,More,They are discovering things by themselves
2091,More,We are mostly working by ourselves
2092,,
2093,More,Because we worked every time
2094,Less,Because of the extra work at home
2095,Less,Because of the extra work at home
2096,,
2097,,
2098,,
2099,,
2100,,
2101,,
2102,,
2103,,
2104,,
2105,,
2106,,
2107,,
2108,,
2109,,
2110,,
2111,,
2112,,
2113,,
2114,,
2115,,
2116,,
2117,,
2118,,
2119,,
2120,,
2121,,
2122,,
2123,Less,Because of lockdown
2124,,
2125,Less,No much concentration
2126,,
2127,Less,Because no school
2128,Less,Because of lockdown
2129,Less,Lockdown
2130,Less,Because no school
2131,Less,No interest
2132,Less,Stress
2133,Less,No much concentration like school
2134,Less,No interest
2135,Less,No teacher to explain
2136,Less,Because no school
2137,Less,No much concentration
2138,Less,No interest
2139,More,Because my friends can help me with some information 
2140,,
2141,Less,Because the school is closed 
2142,More,Because exams may take place any time 
2143,More,Because we chair information 
2144,More,Because we use to make practice
2145,Less,There is no teacher
2146,Less,Because of having no teacher 
2147,,
2148,,
2149,The same,Because Am not study 
2150,Less,Because some times Am a lone 
2151,Less,No teacher 
2152,The same,Because of teacher 
2153,Less,Because no teacher 
2154,Less,The role of teacher is very important
2155,Less,No teacher 
2156,Less,No teacher 
2157,Less,Teacher are not there 
2158,Less,No teacher 
2159,Less,No teacher 
2160,,
2161,Less,No Teacher 
2162,Less,No teacher 
2163,Less,Teacher is better
2164,More,Because the same with the teacher 
2165,Less,No teacher 
2166,,
2167,,
2168,,
2169,The same,Am not a learner 
2170,Less,Because no teacher 
2171,The same,Because they are not serious 
2172,The same,No teacher 
2173,Less,No teacher 
2174,Less,No teacher 
2175,The same,No teacher 
2176,The same,Because of no teacher 
2177,The same,No teacher 
2178,The same,Learners are not serious 
2179,,
2180,,
2181,,
2182,,
2183,Less,Because no more lessons
2184,,
2185,More,Because am alone
2186,,
2187,,
2188,,
2189,,
2190,,
2191,,
2192,Less,They don't have radio of their own
2193,,
2194,,
2195,,
2196,,
2197,,
2198,,
2199,,
2200,,
2201,,
2202,,
2203,,
2204,,
2205,,
2206,,
2207,,
2208,,
2209,,
2210,,
2211,,
2212,,
2213,,
2214,,
2215,,
2216,,
2217,,
2218,,
2219,,
2220,,
2221,,
2222,,
2223,,
2224,,
2225,,
2226,,
2227,,
2228,,
2229,,
2230,,
2231,,
2232,,
2233,,
2234,,
2235,,
2236,,
2237,,
2238,,
2239,,
2240,,
2241,,
2242,,
2243,,
2244,,
2245,,
2246,,
2247,,
2248,,
2249,,
2250,,
2251,,
2252,,
2253,,
2254,,
2255,,
2256,,
2257,,
2258,,
2259,,
2260,,
2261,,
2262,,
2263,,
2264,,
2265,,
2266,,
2267,,
2268,,
2269,,
2270,,
2271,,
2272,,
2273,,
2274,,
2275,Less,Laziness
2276,,
2277,,
2278,,
2279,,
2280,,
2281,,
2282,,
2283,,
2284,,
2285,,
2286,,
2287,,
2288,,
2289,,
2290,,
2291,,
2292,,
2293,,
2294,,
2295,,
2296,,
2297,,
2298,,
2299,,
2300,,
2301,,
2302,,
2303,,
2304,,
2305,,
2306,,
2307,,
2308,,
2309,,
2310,,
2311,,
2312,,
2313,,
2314,,
2315,,
2316,,
2317,,
2318,,
2319,Less,Because of the extra work at home
2320,,
2321,,
2322,,
2323,,
2324,,
2325,,
2326,,
2327,,
2328,,
2329,,
2330,,
2331,,
2332,,
2333,,
2334,,
2335,,
2336,,
2337,,
2338,,
2339,,
2340,,
2341,,
2342,,
2343,,
2344,,
2345,,
2346,,
2347,,
2348,,
2349,,
2350,,
2351,,
2352,Less,No more activities
2353,,
2354,,
2355,,
2356,Less,No more school work
2357,,
2358,More,They read their books through out at home
2359,More,To practise more before exams come any time
2360,,
2361,,
2362,Less,They do other domestic works at home
2363,,
2364,Less,Because of the other works at home
2365,,
2366,,
2367,,
2368,Less,Because of other domesttic works
2369,More,I only deals with studies
2370,,
2371,,
2372,,
2373,Less,A lot of house work 
2374,,
2375,Less,We do other things at home
2376,,
2377,,
2378,Less,Other home work
2379,,
2380,,
2381,,
2382,,
2383,,
2384,,
2385,,
2386,,
2387,,
2388,,
2389,,
2390,,
2391,,
2392,,
2393,,
2394,,
2395,,
2396,,
2397,,
2398,,
2399,,
2400,,
2401,,
2402,,
2403,,
2404,,
2405,,
2406,,
2407,,
2408,,
2409,,
2410,,
2411,,
2412,,
2413,,
2414,,
2415,,
2416,Less,Some of us are not serious about their learning
2417,,
2418,,
2419,,
2420,,
2421,,
2422,,
2423,,
2424,,
2425,,
2426,Less,Because of fear of covid-19
2427,,
2428,Less,More from teachers and friends
2429,Less,Teachers could help us but now we don't have access to teachers.
2430,,
2431,,
2432,,
2433,,
2434,,
2435,,
2436,,
2437,,
2438,,
2439,More,Because if I don't study I will forget
2440,Less,No group discussion because of covid-19
2441,,
2442,Less,Before they could do their work after school but now even if you tell them they don't study
2443,,
2444,,
2445,,
2446,,
2447,,
2448,,
2449,Less,Because school close
2450,,
2451,,
2452,,
2453,,
2454,,
2455,,
2456,,
2457,,
2458,,
2459,,
2460,,
2461,,
2462,,
2463,,
2464,,
2465,,
2466,,
2467,,
2468,,
2469,,
2470,,
2471,,
2472,,
2473,,
2474,,
2475,More,They are not getting in touch
2476,Less,They are busy after live
2477,,
2478,,
2479,,
2480,Less,No teacher at home
2481,Less,Due to school is closed
2482,Less,School is not functioning
2483,,
2484,Less,Am at home
2485,Less,More duty at home
2486,Less,Lack school materials
2487,,
2488,Less,Am at home
2489,,
2490,,
2491,Less,Many students went to the far Tonj East and North where is there no reliability of nextwork
2492,Less,Many students have moved to far distance of the defunct Tonj State where there is no reliable network.
2493,Less,Lack reliable networks and no libraries to do more research 
2494,,
2495,,
2496,,
2497,,
2498,,
2499,Less,No text books
2500,,
2501,Less,Because of some other work at home
2502,,
2503,,
2504,,
2505,,
2506,,
2507,,
2508,Less,Because the present of  teacher is good 
2509,,
2510,,
2511,Less,Because Am alone 
2512,,
2513,,
2514,Less,Present of teacher is good 
2515,,
2516,,
2517,Less,Present of teacher is more important 
2518,,
2519,Less,Because homework without instructors is bored
2520,Less,Present of teacher is more important 
2521,,
2522,,
2523,Less,Present of teacher is more important 
2524,,
2525,,
2526,,
2527,Less,Present of teacher is good 
2528,Less,No teacher 
2529,Less,No teacher 
2530,Less,Present of teacher is good 
2531,,
2532,Less,Present of teacher is good 
2533,The same,Because we chairs ideas
2534,Less,No teacher
2535,Less,Teacher no
2536,Less,Because no classes
2537,Less,Stress
2538,Less,No much concentration
2539,Less,No school
2540,Less,No more concentration
2541,Less,Because of covid 19
2542,Less,No much concentration
2543,Less,No much concentration like school lessons
2544,Less,No interest
2545,Less,Because no school
2546,Less,Stress
2547,Less,No much interest
2548,Less,Lockdown
2549,Less,No school
2550,Less,No interested
2551,Less,So that he can understand the content very well.
2552,,
2553,,
2554,,
2555,Less,Domestic work
2556,,
2557,,
2558,,
2559,Less,Because there is no one who guides them.
2560,,
2561,,
2562,Less,Because in the school one gets different and varied experiences and knowledge from teachers and friends.
2563,,
2564,,
2565,Less,Because the are over worked at home.
2566,More,Because there is enough time to revise.
2567,,
2568,,
2569,,
2570,,
2571,More,Because I have plenty of time while at home.
2572,More,Because there is ample time while at home.
2573,,
2574,,
2575,,
2576,Less,The lockdown put in place due to coronavirus makes it difficult for us teachers to look for other opportunities.
2577,,
2578,Less,Because my parents give me more house work.
2579,,
2580,More,Because I have ample time to concentrate on doing my things.
2581,,
2582,More,Because I have plenty of time while at home.
2583,More,Because I have ample time at home to revise my books.
2584,Less,Because I am engage in other activities at home that do not allow me to concentrate.
2585,,
2586,More,Am balancing with home work
2587,Less,No one hiding me at home
2588,,
2589,,
2590,,
2591,Less,Because there is no radio at home he only depend of the one of the neighbors.
2592,Less,Domestic work limits her sometimes
2593,More,To remind her of passed knowledge from school
2594,Less,Covid 19
2595,,
2596,,
2597,,
2598,,
2599,,
2600,,
2601,,
2602,Less,Too much work
2603,,
2604,,
2605,,
2606,,
2607,,
2608,,
2609,,
2610,,
2611,,
2612,,
2613,,
2614,,
2615,,
2616,,
2617,,
2618,,
2619,,
2620,,
2621,,
2622,Less,I have no time
2623,,
2624,,
2625,,
2626,,
2627,,
2628,,
2629,,
2630,,
2631,,
2632,,
2633,,
2634,,
2635,,
2636,,
2637,,
2638,,
2639,,
2640,,
2641,,
2642,,
2643,,
2644,,
2645,,
2646,,
2647,,
2648,,
2649,,
2650,,
2651,,
2652,,
2653,,
2654,,
2655,,
2656,,
2657,,
2658,,
2659,Less,It's because home make us reluctant
2660,,
2661,More,To keep us active not to forget
2662,Less,Very less because we engaged in some other things
2663,,
2664,Less,Because we are at the worry stage of the disease
2665,Less,Some are engaged in community activities
2666,,
2667,Less,Because I am committed in other activities
2668,More,Because I am a teacher I have to do a lot of things
2669,,
2670,Less,Because I am engaged in community activities
2671,Less,Because I am engaged in home work
2672,,
2673,,
2674,,
2675,Less,Because Iam engaged in house work
2676,Less,Because reluctant
2677,Less,Because Iam engaged in house work
2678,,
2679,,
2680,,
2681,,
2682,,
2683,Less,Lack text book
2684,Less,We are affected by flood in the area and I took cattle's to high ground
2685,Less,Am not a learners
2686,Less,Home activities take time
2687,,
2688,Less,I expected no examinations
2689,,
2690,Less,Domestic work
2691,Less,I among the famers
2692,Less,Home works
2693,The same,I balance my time
2694,,
2695,Less,At am engage with home activities
2696,Less,No one knows when schools shall our
2697,Less,getting bored reading alone
2698,,
2699,,
2700,Less,Am no longer at school
2701,Less,No teaching going on
2702,More,Keep my self up with school active
2703,Less,No scholastic materials
2704,,
2705,,
2706,,
2707,,
2708,,
2709,Less,Workloads at home
2710,,
2711,,
2712,,
2713,,
2714,,
2715,,
2716,,
2717,,
2718,,
2719,,
2720,,
2721,,
2722,,
2723,,
2724,,
2725,,
2726,,
2727,Less,Workload at home
2728,Less,Because of the workloads at home
2729,,
2730,,
2731,,
2732,,
2733,,
2734,,
2735,,
2736,Less,Because there's no busy work due to the government lock down for work
2737,,
2738,,
2739,,
2740,,
2741,,
2742,,
2743,,
2744,,
2745,,
2746,Less,They don't know when Schools will be reopened and when to sit for their exams.
2747,More,So that they can't forget what they have learned.
2748,Less,Due to too much work at home.
2749,,
2750,Less,Due to some other home duties.
2751,Less,I don't know
2752,,
2753,,
2754,Less,Because of social distancing and we are also at home and there are so many other activities that distracted people from educational activities
2755,Less,They have no access to learning materials
2756,Less,No guidance to the learner's during covid-19
2757,,
2758,Less,Commitment is not the same as that of school time
2759,,
2760,,
2761,Less,I don't cover all the periods required per day
2762,Less,Some difficult areas are not touched without a teacher
2763,Less,Works at home are not effective
2764,,
2765,Less,Because some materials for learning are missing
2766,,
2767,Less,I find the lesson difficult by myself
2768,,
2769,,
2770,,
2771,Less,I am not a teacher
2772,Less,I am always busy
2773,,
2774,Less,Domestic work some times could no give room to study.
2775,Less,Due to domestic work
2776,Less,No teachers 
2777,Less,Sometimes they don't listen to me becouse we are at home
2778,Less,Self negligence from the children they don't boarder to study 
2779,,
2780,,
2781,Less,No teachers 
2782,,
2783,Less,People are fearing of their health 
2784,,
2785,,
2786,Less,No teachers 
2787,,
2788,Less,To remind her of passed knowledge
2789,Less,To maintain passed knowledge fresh 
2790,Less,To recalled the passed knowledge from the school
2791,Less,Domestic work prevent me from studying sometimes
2792,,
2793,,
2794,Less,Domestic work sometimes doesn't give rooms for one to study
2795,Less,She use to study less because there is side work also to like gardening which prevent her to study regularly
2796,,
2797,,
2798,,
2799,Less,Because no school
2800,Less,Because school shut down
2801,Less,Because i was i big worries because of disease
2802,Less,No school
2803,Less,Because of lockdown
2804,Less,Lockdown
2805,Less,No school
2806,Less,No school work
2807,Less,No concentration
2808,,
2809,Less,No school
2810,Less,Lockdown
2811,Less,Laziness
2812,Less,Laziness
2813,,
2814,,
2815,,
2816,,
2817,,
2818,,
2819,,
2820,,
2821,,
2822,,
2823,,
2824,,
2825,,
2826,,
2827,,
2828,,
2829,,
2830,,
2831,Less,No teacher at home
2832,Less,Because at home am doing ather work like washing
2833,Less,We have many work at home
2834,,
2835,Less,We are at home
2836,Less,More work at home
2837,,
2838,,
2839,,
2840,,
2841,,
2842,,
2843,,
2844,,
2845,,
2846,,
2847,,
2848,,
2849,,
2850,,
2851,,
2852,Less,Because no any one are reversed with them
2853,Less,Because no anybody can help them 
2854,,
2855,,
2856,,
2857,,
2858,Less,Because of covid-19 and nobody will help them 
2859,Less,Because no any body can help me at home
2860,,
2861,Less,Because am busy with garden
2862,Less,Because am busy with my daddy at farme
2863,Less,Because no any one can help me 
2864,Less,Because am busy with home activity
2865,,
2866,,
2867,,
2868,,
2869,,
2870,,
2871,,
2872,,
2873,,
2874,Less,Domestic work always limit his study 
2875,Less,Because of other engagement
2876,Less,No one can help me 
2877,,
2878,,
2879,Less,Lack of seriousness
2880,More,Keep them updated
2881,,
2882,,
2883,,
2884,Less,House work and engagement in other activities.
2885,Less,Because I am engaged in other activities
2886,,
2887,,
2888,Less,Engaged in other activities
2889,,
2890,Less,Engaged in other activities
2891,Less,Reading
2892,,
2893,,
2894,,
2895,,
2896,,
2897,Less,Because students are free from school so they move to other different places
2898,,
2899,,
2900,,
2901,,
2902,,
2903,,
2904,,
2905,,
2906,,
2907,,
2908,,
2909,,
2910,,
2911,,
2912,,
2913,,
2914,,
2915,,
2916,,
2917,,
2918,,
2919,,
2920,Less,Engaged in other activities
2921,Less,No teachers 
2922,Less,Situation of different families 
2923,,
2924,,
2925,,
2926,,
2927,,
2928,,
2929,,
2930,Less,Engaged in other activities
2931,,
2932,,
2933,,
2934,,
2935,,
2936,,
2937,,
2938,,
2939,The same,No teacher 
2940,The same,No teacher 
2941,The same,No body help me 
2942,,
2943,,
2944,,
2945,,
2946,,
2947,,
2948,Less,No teacher help us 
2949,,
2950,Less,No body helping us 
2951,Less,The best information is from teacher 
2952,,
2953,,
2954,,
2955,,
2956,,
2957,,
2958,,
2959,,
2960,,
2961,,
2962,More,Reading
2963,The same,"I don't, read "
2964,,
2965,,
2966,,
2967,Less,Because some times home activities may engage you
2968,Less,Because Iam engage in community activities
2969,,
2970,,
2971,,
2972,Less,Because Iam engage with some homework
2973,Less,Because Iam engage in home activities
2974,,
2975,,
2976,,
2977,,
2978,Less,Because I engage in other activities
2979,,
2980,,
2981,Less,Because of community activities
2982,Less,Because too engagement in community activities
2983,,
2984,,
2985,,
2986,,
2987,,
2988,,
2989,The same,Present of teacher is good 
2990,,
2991,Less,Home works make me busy than at school
2992,Less,Busy doing home works
2993,Less,Engaged in home works
2994,More,Reading my books 
2995,Less,Busy during domestic work
2996,Less,Others don't have radios
2997,Less,We don't understand other subjects
2998,Less,Because of limited time the do broadcasting.
2999,Less,No note taking during lessons
3000,Less,There is no interaction of learners in the school.
3001,Less,No homework or note taking
3002,Less,I don't know
3003,,
3004,Less,The schools are not operating but some times I try to give them some tests
3005,,
3006,Less,Not everyone has radio and our children in the lower classes have been left out
3007,Less,They are always playing around
3008,Less,They children engage more on play activities
3009,,
3010,,
3011,,
3012,,
3013,Less,The are not following the programs
3014,Less,We especially the girl child are more engaged in domestic work
3015,,
3016,,
3017,Less,Engagement in other activities
3018,Less,Because during school times there is much concentration on studies compared to now when everyone is doing domestic work
3019,,
3020,Less,Due to the closed of schools
3021,Less,We need schools to reopen
3022,Less,Because schools are closed
3023,,
3024,,
3025,,
3026,Less,Since schools are closed we don't engage more on studies
3027,Less,We are running around looking for money since we are idle due to school closure
3028,,
3029,,
3030,,
3031,,
3032,,
3033,Less,Because the schools are closed
3034,Less,Because schools are closed due to covid-19
3035,Less,Because listening to the radio is not enough
3036,Less,Sometimes students are not engaging listening to on the radio
3037,Less,I couldn't listening sometimes
3038,,
3039,,
3040,,
3041,,
3042,,
3043,More,Because the schools is not working especially houses hold work it's too much
3044,More,Because no school
3045,,
3046,,
3047,,
3048,Less,Because the schools is not active since during covid-19 upto now
3049,Less,Because the is school it's not functioning currently due to pandemic
3050,,
3051,,
3052,Less,No school
3053,,
3054,,
3055,Less,Due to the closed down of the schools
3056,,
3057,Less,Lack of attention
3058,,
3059,,
3060,,
3061,,
3062,Less,Some of us are not serious about their learning
3063,Less,People are busy looking for their daily living
3064,,
3065,,
3066,,
3067,,
3068,,
3069,,
3070,Less,Because we didn't have textbook at home
3071,,
3072,,
3073,,
3074,,
3075,,
3076,Less,It's less because children parents don't have power at home
3077,,
3078,,
3079,,
3080,,
3081,The same,Teaching on the air is not enough
3082,Less,We have other businesses at home
3083,Less,We do other domestic work
3084,,
3085,,
3086,,
3087,,
3088,,
3089,,
3090,,
3091,,
3092,Less,We are not interested in learning through radio
3093,,
3094,Less,House hold duties 
3095,More,So that they maintain the knowledge they had from school.
3096,More,To keep fresh their knowledge they got from school.
3097,Less,To maintain the knowledge they had from school
3098,Less,Remain me of lessons learns
3099,Less,Garden work
3100,,
3101,Less,No one to follow up what you are doing
3102,Less,Alot to do at home. like garden work
3103,,
3104,Less,Garden work
3105,Less,Because no follow up and restrictions
3106,Less,Because no teacher to followup
3107,Less,Every time you go to the garden
3108,,
3109,Less,Some time domestic work limits them from studying.
3110,Less,Because normally if there is no school children likes playing so much than reading
3111,Less,Alot of work at home
3112,,
3113,,
3114,,
3115,,
3116,,
3117,Less,Because I'm doing a home work
3118,Less,Because locked down was declared by president of the republic of.south Sudan
3119,Less, Because there was declared locked down for crona virus since February 2020
3120,Less,School results can be poor 
3121,Less,No practical work
3122,Less,Lack of textbook
3123,,
3124,,
3125,Less,Lack of textbook
3126,,
3127,Less,No text books
3128,Less,Lack of textbook
3129,,
3130,,
3131,Less,No teachers 
3132,,
3133,,
3134,,
3135,,
3136,,
3137,,
3138,,
3139,,
3140,,
3141,,
3142,,
3143,Less,Because school are close down
3144,Less,Doing others activity
3145,,
3146,,
3147,,
3148,More,A lot of work at home
3149,,
3150,,
3151,Less,No
3152,,
3153,Less,There are many duties at home.
3154,,
3155,,
3156,,
3157,,
3158,,
3159,,
3160,,
3161,Less,Because of garden work
3162,,
3163,,
3164,,
3165,More,Because to remember all that about school works.
3166,More,They are doing more works to keep school environment clean and safe.
3167,,
3168,More,Because to remember things that are taught in the school.
3169,,
3170,,
3171,Less,Because there is no much work to do.
3172,Less,Because of no schools works.
3173,,
3174,,
3175,More,Because I do read all times.
3176,More,Because to remember all that have been taught.
3177,Less,Because I have no much work to do.
3178,Less,Because I do little work about school work.
3179,More,Because to study hard.
3180,More,Because the school was closed.
3181,Less,Because of CoVID 19 pandemic.
3182,,
3183,Less,Because the schools are closed.
3184,Less,Because they are not concrete lessons.
3185,,
3186,,
3187,,
3188,,
3189,More,Because it is enough for my children.
3190,,
3191,Less,Because I do less due to other commitments at home.
3192,,
3193,Less,Because of other activities like a house work.
3194,Less,Because no time for studies.
3195,,
3196,Less,I do little about work simply because of other activities I do at home and on the farm.
3197,,
3198,More,Because to remember many things about school subjects.
3199,The same,Because of CoVID 19 it is not easy to understand.
3200,,
3201,,
3202,More,Because I do read all the times.
3203,,
3204,More,I do more about school subjects because to remember many things.
3205,,
3206,,
3207,More,Because they are concentrating on school lessons at home.
3208,Less,Because of CoVID 19 and they are doing other things at home.
3209,,
3210,More,Because I am often committed in my school activities.
3211,,
3212,,
3213,,
3214,,
3215,,
3216,,
3217,Less,They feel no need to read books
3218,,
3219,Less,Too much domestic work
3220,Less,Pupils are not secure during lockdown
3221,Less,Too much domestic work
3222,,
3223,,
3224,,
3225,,
3226,,
3227,Less,Not sure the pupils are able to do much. So far radio lessons are being  aired when everyone is alone.
3228,,
3229,,
3230,,
3231,,
3232,,
3233,,
3234,,
3235,,
3236,,
3237,,
3238,,
3239,,
3240,,
3241,,
3242,,
3243,,
3244,,
3245,,
3246,,
3247,,
3248,,
3249,,
3250,,
3251,,
3252,,
3253,The same,I normally program
3254,Less,Some  time they relax on their studies by watching movies
3255,Less,Concentrating much on domestic work
3256,,
3257,,
3258,Less,Am not interested  because I know will still for get
3259,,
3260,,
3261,,
3262,,
3263,,
3264,,
3265,,
3266,Less,Because most of the time the Learners are playing at home
3267,More,We want to keep our mind fresh
3268,,
3269,,
3270,,
3271,,
3272,Less,Most time we are occupied by domestic work
3273,Less,Because most of the time children are playing
3274,Less,Because my sister only teaches me during her free time
3275,,
3276,Less,House work
3277,,
3278,,
3279,,
3280,,
3281,,
3282,,
3283,,
3284,,
3285,,
3286,,
3287,,
3288,,
3289,,
3290,,
3291,,
3292,,
3293,,
3294,,
3295,The same,Social distancing.
3296,More,life in is depend on Work
3297,Less,we are busy at home
3298,Less,people are fear
3299,Less,Many don't care about school here
3300,,
3301,,
3302,,
3303,,
3304,,
3305,,
3306,,
3307,,
3308,,
3309,,
3310,,
3311,,
3312,,
3313,,
3314,,
3315,,
3316,Less,Because the schools are closed
3317,More,because am learning new things and it makes me happy
3318,,
3319,,
3320,,
3321,Less,because schools are closed.
3322,,
3323,,
3324,Less,Other house chaos.
3325,,
3326,,
3327,,
3328,Less,Doing other house chaos.
3329,Less,Few teachers in school paid by government
3330,Less,No school
3331,Less,Because all work have closed
3332,More,Because parents know that I was out side the school hence providing work to them before school reopen
3333,,
3334,,
3335,,
3336,More,The read at night
3337,,
3338,,
3339,,
3340,,
3341,,
3342,More,They do use to listen to radio lessons
3343,,
3344,,
3345,,
3346,,
3347,,
3348,,
3349,,
3350,,
3351,,
3352,,
3353,,
3354,,
3355,,
3356,Less,Because we are not learning anymore and are engage in other activities 
3357,,
3358,Less,Most of children are playing most time
3359,Less,Most time we are playing
3360,Less,Because there is no radio for her to listen to from home 
3361,,
3362,Less,No teachers 
3363,More,They are following radio lessons 
3364,Less,No teachers 
3365,,
3366,Less,No teachers 
3367,,
3368,,
3369,,
3370,Less,I dont know 
3371,Less,No teachers 
3372,,
3373,,
3374,,
3375,Less,No teachers 
3376,Less,No teachers 
3377,,
3378,,
3379,Less,Most of them at home not in the school
3380,,
3381,Less,They at home with out teaching
3382,Less,Time bound
3383,,
3384,Less,Children can't revise all their lesson alone an less someone big help them to revised their work.
3385,Less,Lack of seriousness
3386,,
3387,,
3388,Less,Some schools have not covered anything before the closure of the school.
3389,,
3390,Less,Lack of time
3391,,
3392,Less,The lessons we  are getting from the school is more compare to radio
3393,More,Because is easy to understand from the teacher direct
3394,,
3395,,
3396,More,Because textbooks are available and easy to understand
3397,Less,Teaching in radio is not enough
3398,,
3399,,
3400,Less,Lessons in radio is not good
3401,,
3402,Less,Because the school is closed
3403,Less,Engaged in other activities
3404,Less,I don't know
3405,,
3406,,
3407,Less,I don't know
3408,,
3409,Less,Engaged in other activities
3410,Less,I don't know
3411,Less,Engaged in other activities
3412,,
3413,,
3414,,
3415,Less,Needs teacher
3416,,
3417,Less,Needs teacher
3418,More,Because I do not forget
3419,Less,No schools
3420,Less,School actives are closed
3421,Less,No school
3422,Less,No school
3423,Less,No school
3424,,
3425,Less,More lessons at school
3426,,
3427,,
3428,,
3429,,
3430,,
3431,,
3432,Less,No school.
3433,,
3434,,
3435,Less,Lack of time
3436,,
3437,Less,No time to read and revise note books at home because of domestic work.
3438,,
3439,,
3440,,
3441,,
3442,Less,Because no lessons been conducted at school.
3443,,
3444,,
3445,,
3446,,
3447,,
3448,,
3449,,
3450,,
3451,,
3452,,
3453,Less,Because of COVID_19 
3454,Less,It was very less because of covid_19
3455,Less,Due to COVID_19 pendamic
3456,Less,Because children are not allowed to gather in one place
3457,Less,Because some time am occupied doing some activities at home
3458,Less,Because there are no teachers that help me to understand
3459,Less,Sometimes children are engaged in playing and they don't focused in listening of the program
3460,Less,Because am worried schools may not reopen
3461,Less,Because I revised and nobody help me out to understand
3462,,
3463,,
3464,Less,Nothing
3465,,
3466,,
3467,,
3468,Less,No materials for the children to read
3469,,
3470,,
3471,More,Because at least in a day I can open my book and read
3472,Less,No enough money to hire teachers.
3473,More,Because he stay at home and have enough time for studies.
3474,More,She learns a lot.
3475,Less,Because enough materials to read and one could not understand easy
3476,More,Reading at home.
3477,,
3478,,
3479,,
3480,,
3481,,
3482,,
3483,,
3484,Less,They are having no hope for reopening of schools
3485,,
3486,Less,Because they feel that schools is not going to reopen soon due to coronas virus.
3487,Less,Because they want to maintain the knowledge they had early from their teachers.
3488,Less,Domestic work hinders her studies at home
3489,,
3490,,
3491,Less,They have less help from their teachers
3492,,
3493,,
3494,,
3495,,
3496,,
3497,,
3498,Less,I'm attending any lesson
3499,,
3500,Less,To avoid gathering 
3501,,
3502,,
3503,,
3504,,
3505,,
3506,,
3507,,
3508,Less,Because there no radio
3509,More,No radio
3510,Less,More home activities given to the learnres
3511,,
3512,Less,Lack of school materials
3513,Less,More home activities
3514,,
3515,,
3516,Less,House duties
3517,Less,Households duties
3518,Less,They are running after lives
3519,,
3520,Less,Teaching on the radio is not good for as
3521,,
3522,,
3523,Less,That teaching is not enough
3524,,
3525,,
3526,,
3527,,
3528,,
3529,,
3530,,
3531,,
3532,,
3533,,
3534,Less,No School
3535,,
3536,,
3537,,
3538,,
3539,,
3540,,
3541,,
3542,,
3543,,
3544,,
3545,,
3546,Less,Domestic work
3547,,
3548,,
3549,,
3550,,
3551,,
3552,,
3553,,
3554,,
3555,,
3556,,
3557,,
3558,,
3559,,
3560,,
3561,,
3562,Less,Most time their holiday package is being done for them by others 
3563,,
3564,,
3565,Less,Parents ingues lerner in doing more home work
3566,Less,Domestic work
3567,Less,Too much domestic work at home
3568,Less,Domestic work are too much
3569,Less,Most the time we have to work in the garden
3570,Less,Because of so many activities
3571,Less,They have a lot of domestic work
3572,,
3573,Less,Because no one can give you question
3574,,
3575,Less,Because there is no school am attending just at home
3576,Less,Am not learning all lessons on radio
3577,,
3578,,
3579,,
3580,,
3581,,
3582,,
3583,Less,No school 
3584,,
3585,,
3586,Less,"Most if them do not listen to any radio.
Some don't have radios in their home"
3587,,
3588,Less,They are beings engaged with other activities at home
3589,,
3590,,
3591,,
3592,Less,No interaction with teachers and classmates
3593,,
3594,Less,lack of radios in some houses
3595,Less,"No more access for learning, some went to the villages where is no network coverage"
3596,,
3597,Less,No learning taking place
3598,,
3599,,
3600,,
3601,Less,"More learners are not participating in distant learning.
"
3602,,
3603,,
3604,,
3605,Less,No time to revise notes since there are too much domestic work.
3606,Less,Because that teaching is not enough
3607,,
3608,Less,Because they are not in the class
3609,,
3610,,
3611,More,Because they are reading well and have holiday packages.
3612,Less,Parents are going for work and home work is left for me
3613,Less,Less time because parents are walking for work leaving domestic work for me
3614,,
3615,More,Most of the am free
3616,More,Because she has been reading her holiday packages.
3617,Less,Nothing more was covered during first term
3618,Less,Am not in school
3619,More,Because she is reading at home.
3620,Less,Because the children are not reading their notes all the time.
3621,,
3622,Less,Because most involved in homework.
3623,Less,No achool
3624,Less,Only revising what were taugth
3625,Less,In school teachers support the pupils
3626,Less,No shool
3627,Less,Because when they are home they can  not concentrated much.
3628,Less,Because Children have to balance domestic work with studies
3629,Less,Because most time children are playing at home not reading their books
3630,Less,Most time we do play
3631,Less,Because most time I will be occupied by doing other domestic work
3632,Less,Because most time I babysit my siblings sometimes no time to do my homework
3633,Less,Household works and sometimes we are just playing with my friends
3634,,
3635,Less,Because most time we are playing and doing domestic work instead of studying
3636,,
3637,,
3638,,
3639,,
3640,Less,Only garden work
3641,More,I have enough time
3642,,
3643,,
3644,Less,No time for reading
3645,,
3646,,
3647,,
3648,,
3649,,
3650,,
3651,,
3652,,
3653,Less,There is no teaching
3654,,
3655,Less,No wide coverage of lessons
3656,Less,No practical work
3657,Less,Learner's are not supported by teachers
3658,,
3659,,
3660,,
3661,,
3662,,
3663,,
3664,,
3665,,
3666,Less,Because i have no time for studies at hone 
3667,,
3668,,
3669,,
3670,,
3671,,
3672,,
3673,Less,Because I don't know the time of radio lessons
3674,Less,Because domestic work is too much on us especially girls 
3675,,
3676,Less,Because the most of the time we are engaged in domestic work 
3677,,
3678,Less,They don't revise their books because they are engaged on domestic work such as garden.
3679,The same,I don't know
3680,,
3681,More,Because I like school
3682,,
3683,,
3684,,
3685,,
3686,,
3687,,
3688,,
3689,,
3690,,
3691,,
3692,Less,Because we only depend the study packets
3693,,
3694,,
3695,,
3696,,
3697,,
3698,,
3699,,
3700,,
3701,,
3702,,
3703,,
3704,,
3705,,
3706,,
3707,,
3708,,
3709,Less,Because they don't listen to this radio lessons because they are involved in harvesting ground nuts.
3710,,
3711,,
3712,,
3713,,
3714,,
3715,,
3716,,
3717,,
3718,,
3719,,
3720,,
3721,Less,Because they are doing other things at home
3722,Less,Because am doing other things at home
3723,,
3724,,
3725,,
3726,,
3727,,
3728,Less,Most of them don't listen to radio
3729,,
3730,,
3731,Less,No time for learning because there are other things to do
3732,Less,Because they don't listen to radio
3733,,
3734,,
3735,,
3736,,
3737,,
3738,More,She allowed to read her text books and notes 
3739,,
3740,,
3741,,
3742,,
3743,Less,Because she involved to domestic work at home 
3744,,
3745,More,My child is in final class
3746,More,I learn at home
3747,Less,My children do not want to learn
3748,More,To learn more
3749,Less,They don't want to read while at home
3750,Less,No teachers
3751,Less,Am alone
3752,Less,No practical work 
3753,Less,No more practical work
3754,,
3755,More,We are giving more but some learners are not coming to pick their holiday package during this pandamic period
3756,Less,Because most time they are discussing their private issues with the peer group far from school learning
3757,Less,Because balancing homework with studies is very hard
3758,Less,Because most time we playing cards with my friends at home
3759,,
3760,,
3761,,
3762,,
3763,,
3764,,
3765,,
3766,,
3767,,
3768,,
3769,,
3770,,
3771,Less,No interests
3772,,
3773,,
3774,Less,Because am doing work
3775,Less,Because they have no activities to be revised since schools closures happened in the school
3776,Less,Because am discouraged about the closures of the school
3777,,
3778,Less,Am revising alone some hard to understand
3779,Less,Most learners attend well there teachers especially in subjects like maths
3780,,
3781,,
3782,,
3783,Less,No practical work 
3784,,
3785,,
3786,,
3787,,
3788,,
3789,,
3790,,
3791,,
3792,,
3793,,
3794,,
3795,,
3796,,
3797,,
3798,,
3799,,
3800,,
3801,,
3802,,
3803,,
3804,Less,They don't study
3805,,
3806,Less,Domestic works
3807,,
3808,Less,They can not understand radio lessons.
3809,,
3810,Less,They are engaged by domestic activities.
3811,,
3812,,
3813,Less,"Because people are not allow to come to one place, therefore there was nothing teachers can to do to support the learners academically."
3814,Less,Because her mother was sick and she has been attending to .
3815,,
3816,Less,Because she is involved in domstics work at home.
3817,,
3818,Less,I m a parent
3819,Less,No schools 
3820,Less,No schools 
3821,Less,No schools 
3822,More,Because I be going to school everyday
3823,Less,Because most time they are doing other things especially watching game and sports
3824,Less,The lesson in school is better than the one at home because you ask teacher to simplify for you what you haven't understood compare to radio
3825,Less,Because most time the Learners are engaged with domestic work
3826,Less,Most time we are engaged in domestic work
3827,More,Because teaching is everyday
3828,,
3829,Less,Nobody is teaching me at home
3830,Less,"Because they are not following radio lessons, some have no radios and low radio coverage is other problem in some parts of the country."
3831,Less,Most the learners are just loitering without reading their notes or books
3832,Less,No learning taking place at home
3833,Less,Most of the learners are not concentrating in their studies at home during this time.
3834,Less,They thought schools will not be reopen so relaxed and they don't concentrates
3835,Less,There no facilitations
3836,Less,They are not concentrating in their studies at home during this pandemic time.
3837,Less,They are not committed
3838,Less,They are not doing much because of their personal commitment.
3839,Less,No facilitations
3840,,
3841,Less,Because their is no school
3842,Less,They don't understand things by them selves with out help from teachers.
3843,Less,Most of the learners are not committed in listening to radio lessons.
3844,More,"They reading their books, listening to radio lessons."
3845,Less,"Because the school has been close.
Most of the learners have no access to radio lessons."
3846,Less,Because most learners are doing their owned business
3847,Less,Because the school has not been working
3848,More,"Because they are learning on radio lessons, readings their books while doing practices."
3849,,
3850,Less,No time
3851,More,He has no place to go to.
3852,,
3853,Less,No answer
3854,Less,No hope of going back to school
3855,,
3856,More,I do a lot of work on my lessons
3857,Less,I don't know
3858,,
3859,,
3860,,
3861,,
3862,,
3863,,
3864,,
3865,,
3866,Less,The Learners are doing less because Children are most of time playing and engaged in other activities
3867,,
3868,Less,Because sometimes we are engaged in domestic works 
3869,More,Because children at home mostly engaged them selves in playing
3870,Less,The children do understand what is on the materials
3871,,
3872,Less,Feel am not learning enough because my teachers are not there to help me
3873,,
3874,Less,I just want to go back to school and study
3875,,
3876,,
3877,,
3878,,
3879,,
3880,,
3881,,
3882,,
3883,,
3884,,
3885,,
3886,,
3887,,
3888,,
3889,,
3890,,
3891,,
3892,,
3893,,
3894,,
3895,,
3896,,
3897,,
3898,,
3899,,
3900,,
3901,,
3902,,
3903,,
3904,,
3905,Less,No practical work 
3906,Less,No practical lessons 
3907,Less,No practical work
3908,,
3909,Less,Because most time their holiday package are done to them by their elder brothers and sisters
3910,Less,Because the school haven't given them holiday package for studies at home most time they are playing
3911,,
3912,,
3913,,
3914,,
3915,,
3916,,
3917,,
3918,,
3919,,
3920,,
3921,,
3922,,
3923,,
3924,,
3925,,
3926,,
3927,,
3928,,
3929,,
3930,,
3931,,
3932,,
3933,,
3934,,
3935,,
3936,,
3937,,
3938,,
3939,,
3940,,
3941,,
3942,,
3943,,
3944,More,Am not much engaged to domestic work
3945,Less,Am not student
3946,,
3947,Less,Am not student
3948,,
3949,,
3950,,
3951,,
3952,Less,Alot of work at home
3953,Less,Garden work
3954,Less,Because of other activities at home limits he'd study from home 
3955,,
3956,,
3957,Less,Agricultural activities sometimes hinder people to do less school work .
3958,,
3959,,
3960,,
3961,Less,Too much garden work
3962,Less,Children and parents are engage in agriculture activities hence no time for them to learn 
3963,,
3964,,
3965,,
3966,,
3967,,
3968,,
3969,,
3970,,
3971,,
3972,,
3973,,
3974,,
3975,,
3976,,
3977,,
3978,Less,No more teaching because the rules says keep social distance and learners can't be brought in one place for learning 
3979,,
3980,Less,Lack of radio some times at home
3981,,
3982,Less,Less because schools are closed and I don't have access to meet my teachers
3983,Less,Because am attending the school and am so frastrusted about the closures of the schools
3984,Less,Engaged in other work and have no hope that the school would reopened .
3985,,
3986,Less,Am learning anything because am frastrusted.
3987,,
3988,,
3989,,
3990,,
3991,,
3992,,
3993,Less,Because of gardening work sometimes limit her.
3994,,
3995,,
3996,,
3997,,
3998,,
3999,,
4000,,
4001,Less,Because he is envloved. to homework
4002,,
4003,Less,Because she involved much at homework.
4004,,
4005,Less,Because they much envloved in playing and others homework.
4006,Less,"Because they envloved in playing, No one teaching them."
4007,Less,Other business 
4008,,
4009,,
4010,Less,No more studying 
4011,,
4012,,
4013,Less,School work is more 
4014,Less,Because most time learners are engaged with other activities at home 
4015,Less,Because sometimes during the lessons learners will be engaged in some other activities
4016,,
4017,,
4018,,
4019,Less,Because most time we are engaged to other economic activities
4020,,
4021,Less,Because no one is there to help me in my studies in the things I doesn't know 
4022,,
4023,,
4024,Less,The pupils say they were taught very little notes. Secondly they said after finishing where will they sit for examinations since schools are closed. The lessons are not well organized according to classes. The topics are general not specific to the classes 
4025,Less,Reading at home without homework is difficult. 
4026,,
4027,Less,Most of the children are playing more now than when schools were functioning 
4028,Less,The teachers tried to give some questions but the children did not answer the questions
4029,,
4030,Less,Children have stoped learning since COVID 29 came.
4031,,
4032,,
4033,,
4034,Less,"Since schools were closed, pupils are left learning and are busy doing business while other are playing"
4035,,
4036,,
4037,,
4038,,
4039,,
4040,,
4041,,
4042,,
4043,,
4044,,
4045,,
4046,More,I revise my previous lessons
4047,Less,Parents assign alot of domestic work for me
4048,More,It's within my reach
4049,Less,I sometimes do domestic work
4050,Less,Not time
4051,Less,Because alot of assignments are given to me by parents
4052,,
4053,,
4054,,
4055,,
4056,Less,Home work is less
4057,,
4058,Less,No.school
4059,Less,No school 
4060,Less,No school 
4061,Less,Hard to understand
4062,Less,Most of the time she is committed to do domestic work
4063,,
4064,,
4065,,
4066,,
4067,,
4068,,
4069,,
4070,,
4071,,
4072,Less,Because she is envloved in home work.
4073,,
4074,,
4075,,
4076,,
4077,,
4078,Less,I do alot of domestic work than studies
4079,Less,Am the only elderly girls at home who can do domestic work
4080,Less,Too much domestic work
4081,Less,No power for providing light
4082,Less,They feel there is no school
4083,,
4084,More,They read books because there is no school
4085,,
4086,,
4087,,
4088,Less,Too much domestic work
4089,,
4090,,
4091,,
4092,Less,I am a learner
4093,Less,A lot of work at home
4094,Less,No time
4095,,
4096,Less,No need
4097,Less,No class lesson
4098,The same,Am a students
4099,,
4100,,
4101,,
4102,,
4103,Less,No more material given
4104,Less,No hope 
4105,,
4106,,
4107,,
4108,,
4109,,
4110,,
4111,,
4112,,
4113,,
4114,,
4115,,
4116,,
4117,Less,No hope 
4118,Less,No time
4119,,
4120,,
4121,Less,Because my dad some time is busy so he didn't help me the same way my teachers use to help me.
4122,Less,In the schools teachers put pressure on students by giving tests and assignment but at home bi take my own time to study.
4123,,
4124,Less,Because I don't have teachers to help me.
4125,Less,They don't revised they books
4126,Less,They are frastrusted  and also engaged in other activities at home.
4127,Less,Because they are not give assignment.
4128,,
4129,More,Teacher support them
4130,,
4131,,
4132,,
4133,,
4134,,
4135,,
4136,Less,They attend to other things other than studies
4137,,
4138,,
4139,,
4140,,
4141,,
4142,,
4143,,
4144,Less,We don't have enough time because we look after cattle
4145,,
4146,,
4147,,
4148,,
4149,,
4150,The same,People are struggling with life
4151,,
4152,,
4153,,
4154,,
4155,,
4156,,
4157,Less,No.schools
4158,,
4159,Less,Not the same as that of a teacher
4160,Less,No school
4161,,
4162,,
4163,More,I do revised my previous lessons
4164,More,Same time I help people while at home
4165,More,The children do a lot of excerise  while at home
4166,,
4167,,
4168,,
4169,,
4170,Less,Because his notes he left it far from him.
4171,,
4172,Less,Because they are envloved in playing and others domstic work.
4173,Less,Because she is envloved at domestic work.
4174,,
4175,,
4176,,
4177,,
4178,More,Because it is easy to understand
4179,,
4180,Less,Because most time we are engaged in other activities
4181,,
4182,,
4183,,
4184,Less,Because most time students are committed in other activities so they don't concentrate much
4185,,
4186,,
4187,Less,Because most time we are engaged in domestic works
4188,,
4189,Less,Because most time students are committed with other activities at home
4190,Less,Because most time the girls are committed with domestic work so they don't mind of studies
4191,,
4192,Less,But forced by the situation.
4193,Less,Because some of the topics I don't understand in the packages.
4194,,
4195,,
4196,Less,Most of the leaners doesn't have radio
4197,Less,"Because they study alone,they don't have teachers to support them."
4198,Less,Some time engaged in home activities so have no time to revise slot.
4199,,
4200,,
4201,,
4202,Less,No hope when school will begin
4203,,
4204,,
4205,Less,No one can explains things for them
4206,,
4207,,
4208,,
4209,,
4210,,
4211,,
4212,,
4213,,
4214,,
4215,,
4216,,
4217,,
4218,,
4219,,
4220,,
4221,,
4222,,
4223,,
4224,,
4225,,
4226,,
4227,,
4228,,
4229,,
4230,,
4231,,
4232,,
4233,,
4234,,
4235,,
4236,,
4237,,
4238,,
4239,,
4240,,
4241,,
4242,,
4243,Less,Because she is envloved in domestic work.
4244,,
4245,,
4246,,
4247,,
4248,Less,School work is more
4249,,
4250,,
4251,,
4252,Less,Those in Nursery and doing well but those in primary and Secondary are not learning well 
4253,,
4254,,
4255,,
4256,,
4257,,
4258,Less,Not all learners have radios and TV and some learners do not want to follow the progams
4259,,
4260,,
4261,,
4262,Less,No body to help at home 
4263,,
4264,,
4265,,
4266,,
4267,,
4268,Less,Few notes to read
4269,Less,No teacher to help 
4270,Less,Not listening to the radio always
4271,,
4272,,
4273,,
4274,,
4275,,
4276,,
4277,,
4278,More,I do revised a lot
4279,,
4280,,
4281,Less,No much learning at home
4282,More,Teaching is well
4283,,
4284,,
4285,,
4286,,
4287,,
4288,More,Am young to domestic work
4289,Less,Am not in school
4290,,
4291,More,It's because my parents Force me to always read 
4292,,
4293,,
4294,,
4295,,
4296,Less,Am not student
4297,,
4298,,
4299,More,My parents gives me enough time for reading and doing holiday package
4300,,
4301,,
4302,,
4303,Less,They are always playing and doing other income generating activities than concentrating on studies
4304,,
4305,,
4306,,
4307,More,Because we always learn new things
4308,,
4309,,
4310,,
4311,,
4312,Less,Because most time learners are engaged in other activities for example girls are involved in knitting of bed sheets and boys are involved in casual work
4313,Less,Our learners here are used to face to face learning this radio lesson is a new thing for them so concentrating is very hard for them
4314,,
4315,,
4316,,
4317,,
4318,Less,Because most time we are engaged in other activities
4319,,
4320,,
4321,,
4322,,
4323,Less,No hope of school opening 
4324,,
4325,,
4326,,
4327,,
4328,,
4329,,
4330,,
4331,,
4332,,
4333,,
4334,,
4335,Less,Many work
4336,More,I have time
4337,,
4338,More,Because I want to cover up with the rest
4339,,
4340,,
4341,,
4342,,
4343,,
4344,,
4345,,
4346,,
4347,Less,No time
4348,,
4349,,
4350,,
4351,,
4352,,
4353,Less,No have been doing little because no teacher help them 
4354,,
4355,Less,Alone one can't not understand. 
4356,,
4357,,
4358,,
4359,More,Because of the packages the learners are revising .we are going to evaluate the learners.
4360,More,Sometimes  they are engaged in other activities.
4361,,
4362,Less,No.achool
4363,Less,At home sometimes am engaged I don't read at least when I was in the school
4364,,
4365,Less,Because they is no teacher to help me.
4366,,
4367,,
4368,,
4369,,
4370,Less,Because of the occurrence of the disease (covid-19)
4371,More,Because schools are closed because of corona virus .
4372,Less,The materials are not enough.
4373,,
4374,Less,I don't understand English
4375,More,My parents gives me enough time to concentrate with my books
4376,Less,Parents assign alot of domestic work
4377,Less,Because there is no one to help them in what they doesn't know since am an Arabic pattern
4378,,
4379,The same,All the same because we are given holiday package and every two weeks we take it back to school for marking 
4380,More,Because I have people helping me at home
4381,Less,No one helping me at home in my studies
4382,,
4383,,
4384,,
4385,,
4386,,
4387,,
4388,Less,Because he is evolved in playing and  other domestic work.
4389,,
4390,More,Because her children are always busy reading their holiday packages.
4391,More,I do revised my previous lessons
4392,More,We do advise them to  revised lessons at home
4393,,
4394,,
4395,,
4396,More,We want children to learn
4397,Less,They are still young
4398,,
4399,,
4400,,
4401,,
4402,More,Because the school is giving us holiday package and teachers are marking it to keep us busy
4403,,
4404,,
4405,,
4406,,
4407,,
4408,Less,Because of other work at home
4409,Less,No hope 
4410,,
4411,,
4412,,
4413,,
4414,,
4415,,
4416,,
4417,,
4418,The same, School was not working. 
4419,,
4420,The same,No comment
4421,,
4422,,
4423,,
4424,,
4425,The same,No.
4426,,
4427,,
4428,,
4429,,
4430,,
4431,,
4432,,
4433,,
4434,,
4435,,
4436,,
4437,,
4438,,
4439,Less,Because of COVID_19 closure
4440,,
4441,,
4442,,
4443,,
4444,,
4445,,
4446,,
4447,Less,I had other actives
4448,,
4449,,
4450,Less,No school
4451,Less,No school
4452,Less,No school 
4453,,
4454,,
4455,More,Underatand
4456,,
4457,,
4458,,
4459,Less,Because it very heard to get learners
4460,,
4461,,
4462,Less,Provide more radio
4463,Less,Because learners has no access to radio
4464,,
4465,,
4466,,
4467,,
4468,,
4469,,
4470,,
4471,The same,I don't know what happens.
4472,,
4473,,
4474,,
4475,,
4476,,
4477,,
4478,,
4479,,
4480,,
4481,,
4482,,
4483,,
4484,,
4485,Less,Because they are engaged in other activities other than studying.
4486,,
4487,,
4488,,
4489,,
4490,,
4491,Less,They are engaged in many activities other than learning
4492,,
4493,,
4494,,
4495,,
4496,,
4497,,
4498,,
4499,Less,The learners have little time in reading.
4500,Less,I don't understand some of the things.
4501,Less,The learners have no room for asking questions.
4502,More,We have a private coach who is guiding us.
4503,,
4504,,
4505,Less,Because most time learners are engaged to do other extra ordinary domestic activities
4506,,
4507,,
4508,Less,Because most time we are engaged to domestic works
4509,Less,Because mostly we are engaged in domestic works
4510,Less,Because most time we are engaged in domestic works
4511,,
4512,,
4513,,
4514,,
4515,,
4516,More,At home we do more
4517,,
4518,,
4519,,
4520,,
4521,,
4522,,
4523,,
4524,,
4525,Less,Not reading at home 
4526,Less,No lesson
4527,,
4528,,
4529,,
4530,,
4531,,
4532,,
4533,,
4534,,
4535,,
4536,,
4537,,
4538,,
4539,,
4540,,
4541,,
4542,,
4543,,
4544,,
4545,,
4546,,
4547,,
4548,,
4549,,
4550,,
4551,,
4552,,
4553,,
4554,,
4555,,
4556,,
4557,,
4558,,
4559,,
4560,,
4561,,
4562,,
4563,Less,Doing homework
4564,Less,Many activities at home
4565,Less,Household chores are many.
4566,,
4567,,
4568,Less,Household chores
4569,,
4570,,
4571,,
4572,,
4573,,
4574,,
4575,,
4576,,
4577,,
4578,,
4579,,
4580,,
4581,,
4582,Less,They are busy at home
4583,Less,Household chores
4584,,
4585,,
4586,,
4587,,
4588,,
4589,,
4590,,
4591,,
4592,,
4593,,
4594,,
4595,Less,I have too much work at home
4596,,
4597,,
4598,,
4599,,
4600,,
4601,,
4602,,
4603,,
4604,,
4605,More,Since their no school we are just sitten at home their is no much work 
4606,Less,Too much moving have been avoided because of lockdown
4607,Less,Because I need also to rest to avoid trieness
4608,,
4609,,
4610,,
4611,,
4612,,
4613,,
4614,,
4615,,
4616,,
4617,,
4618,,
4619,,
4620,Less,Because I have a lot of work to do.
4621,Less,No time because of work at home
4622,Less,Because there is no school and nobody is helping me with certain things
4623,Less,No practical teaching like that of the school.
4624,Less,Because of nobody to help me in case am stuck with certain things like questions and calculation.
4625,Less,Because I am currently doing other business than concentrating on school activities.
4626,,
4627,,
4628,,
4629,,
4630,,
4631,,
4632,,
4633,,
4634,,
4635,,
4636,,
4637,,
4638,,
4639,,
4640,,
4641,,
4642,,
4643,,
4644,,
4645,,
4646,,
4647,,
4648,,
4649,,
4650,,
4651,,
4652,,
4653,,
4654,,
4655,,
4656,,
4657,,
4658,More,Because no school
4659,,
4660,Less,Because school is closed
4661,,
4662,,
4663,,
4664,,
4665,,
4666,,
4667,,
4668,,
4669,,
4670,,
4671,,
4672,,
4673,,
4674,,
4675,,
4676,,
4677,,
4678,,
4679,,
4680,,
4681,,
4682,,
4683,,
4684,,
4685,Less,Because of other domestic chores.
4686,,
4687,,
4688,Less,Because of other commitments at home.
4689,Less,Because I thought the school will not open again.
4690,,
4691,,
4692,,
4693,,
4694,,
4695,Less,No contact with my teachers to help me
4696,,
4697,,
4698,,
4699,,
4700,,
4701,Less,Domestic work
4702,,
4703,Less,Domestic work
4704,More,Reading books
4705,,
4706,,
4707,,
4708,,
4709,Less,Too much domestic work
4710,Less,Too much domestic work at home
4711,Less,Domestic work
4712,Less,Too much domestic work
4713,,
4714,,
4715,,
4716,,
4717,,
4718,,
4719,,
4720,,
4721,,
4722,More,They read their books
4723,More,They do revision at home
4724,,
4725,More,I advised the children to always concentrate on their education
4726,More,I always encourage them to concentrate on their books
